準備級一級,準備級二級,入門級,基礎級,進階級,高階級,流利級
我,男,姓名,出生,阿姨,哎呀,挨
你,女,公園,國,哎,哎喲,欸
他,孩子,國家,不同,唉,愛好,愛戴
我們,小姐,城市,地址,愛,愛好,愛國
你們,先生,街,市,愛情,愛護,愛滋病
他們,太太,電子郵件,傳真,愛惜,愛人,安頓
您,女兒,結婚,留言,愛心,安慰,安撫
誰,兒子,小時,日期,安定,安裝,安寧
人,大家,點鐘,時間,安排,按,安詳
中國,路,分鐘,鐘頭,安排,按時,安置
美國,手機,夏天,晚,安心,暗,暗暗
日本,號碼,冬天,夜,按,暗中,案件
台灣,明年,秋天,禮拜,按照,骯髒,案情
名字,去年,春天,禮拜天,巴士,熬,案子
家,生日,年輕,前天,把,拔,按摩
電話,月,老,後天,把握,把,昂貴
現在,日,男生,從前,白,把握,奧妙
今年,星期,女生,夏,白,罷工,懊惱
今天,星期天,小孩,冬,白菜,罷了,八卦
明天,星期日,家人,秋,白天,擺脫,八字
昨天,週末,緊張,春,擺,敗,把
早上,號,可愛,一會兒,百貨公司,拜,把持
上午,天,胖,不久,班機,拜拜,把手
中午,天,矮,剛剛,搬家,拜訪,白皮書
下午,從,瘦,剛才,辦,拜年,拜會
晚上,在,千,當然,辦理,拜託,頒發
一,在,萬,自己,半天,般,頒獎
二,笑,在,別人,半夜,班,辦案
三,愛,辦公室,年紀,幫助,班長,半島
四,好看,工廠,男人,榜樣,搬運,半導體
五,快樂,工人,女人,棒,拌,幫
六,太,護士,大人,包,半路,綁
七,非常,司機,老人,包含,半數,包袱
八,工作,老闆,習慣,寶貝,辦公,包圍
九,醫生,同事,習慣,寶貴,辦事,寶
十,醫院,上班,家庭,保護,扮演,寶貝
零,公司,小學,父親,保守,傍晚,寶石
兩,賣,上學,母親,保養,磅,飽和
時候,準備,作業,父母,保證,棒,飽滿
百,一點,功課,爺爺,保証,棒子,保安
半,一些,請假,奶奶,保證,包裹,保管
爸爸,本,教室,關係,抱,包括,保齡球
媽媽,張,洗手間,教堂,抱怨,包裝,保姆
哥哥,中學,廁所,好,報名,包裝,保全
弟弟,年級,語言,真,背包,保,保險
姊姊,英文,科學,最,北方,保持,保佑
姐姐,紙,華語,更,被動,保存,保重
妹妹,問題,華文,愉快,背後,保留,報案
的,意思,黑板,開心,背景,保衛,報表
第,圖書館,課本,著急,輩子,保障,報酬
分,數學,句子,擔心,本,保障,報導
點,歷史,注意,生氣,本人,寶寶,報復
個,餐廳,讀書,怕,本子,抱,報關
歲,餐館,回答,哭,笨,報,報價
年,學習,休息,難過,逼,報仇,報刊
住,參加,決定,傷心,筆,報答,報應
來,畫,圖片,美,比,報導,報章
是,讀,畫,美麗,比如,報到,暴力
姓,會,記得,聰明,畢竟,報警,暴雨
覺得,有趣,房間,認真,避免,報社,爆發
喜歡,為什麼,廚房,勇敢,必要,暴力,抱負
打電話,下課,窗,禮貌,鞭炮,暴躁,抱歉
高興,說話,窗戶,害羞,變,爆炸,碑
漂亮,考試,樓,應該,變成,悲劇,悲哀
高,考試,樓上,相信,變更,悲痛,悲觀
好,懂,樓下,經驗,變化,倍,貝殼
很,天氣,電梯,關心,變化,備,倍數
真,房子,家具,辛苦,便條,背面,背誦
電腦,門,椅子,願意,標準,奔,背心
老師,山,桌,心情,標準,奔跑,被子
買,客廳,桌子,幸福,表,本來,奔騰
忙,河,沙發,可憐,表達,本領,本
學生,狗,床,差,表面,本身,本事
大學,花,關,職業,表示,本土,本位
學校,風,冷氣,教師,表現,笨重,本性
字,海,安靜,經理,表現,比,本質
筆,魚,不錯,記者,表演,比方,崩潰
學,樹,海邊,服務生,別的,比方,甭
問,開,湖,服務員,冰,比較,敝
說,冷,馬,顧客,冰塊,比較,必
寫,熱,鳥,教書,餅,比例,編輯
聽,洗澡,貓,開會,病,彼此,編輯
練習,咖啡,雞,下班,伯伯,筆記,編寫
能,茶,太陽,危險,博士,筆試,編織
可以,生活,下雨,安全,播,筆試,編制
上課,用,下雪,安全,不必,閉,編製
知道,洗,新年,成功,不斷,必須,邊界
電視,穿,游泳,報告,不斷,必要,邊緣
水,起床,踢,報告,不過,編,貶
再,方便,足球,打算,不過,扁,貶值
書,睡覺,籃球,機會,不見,便,匾額
電影,先,網球,當,不論,便利,便
以前,常常,棒球,如果,不幸,變動,辨認
以後,每,比賽,計畫,不用說,變動,辨識
走,次,比賽,計畫,不得不,標題,辯
等,音樂,騎,努力,不得了,標誌,辯護
看,票,腳踏車,管理,不管,表格,辯論
什麼,照片,自行車,學院,不滿,表情,變革
朋友,打,跑步,小學生,不如,表揚,變遷
東西,玩,電影院,大學生,不少,冰,變通
吧,跑,表演,同學,不少,丙,變形
呢,運動,上網,校長,不足,並,標籤
嗎,運動,輸,放假,部,並,標語
找,開始,贏,畢業,部分,並且,表白
做,走路,有時候,開學,部分,病毒,表明
再見,唱歌,久,成績,部份,病房,鼻孔
怎麼樣,信,報紙,學期,部分,撥,鼻涕
叫,喂,不客氣,學費,部份,菠菜,筆錄
謝謝,介紹,禮物,暑假,布,波動,筆友
對不起,換,歡迎,寒假,布置,玻璃,比率
請問,認識,晚會,服務,擦,薄,比擬
這,沒關係,信封,宿舍,猜,薄弱,比喻
那,怎麼,寄,操場,材料,伯父,比重
公共汽車,哪,接,校園,採用,伯母,必備
公車,哪裡,郵局,中文,餐,捕,必定
車,這裡,銀行,文化,餐桌,補,必然
車子,那裡,警察,語法,參考,補償,閉幕
到,上,壞,漢語,草地,補充,閉塞
去,下,幫忙,書法,草原,補課,避難
回,外,計程車,班,層,補習,避孕
坐,前,車站,班,曾,補助,畢生
開車,後,火車,書桌,曾經,補助,幣值
錢,右邊,飛機,課,差別,步,憋
多少,左邊,飛機場,字典,差異,不大,別
給,旁邊,機場,漢字,查,不安,別墅
給,中間,馬路,鉛筆,差一點,不成,兵
貴,地鐵,十字路口,尺,產品,不當,賓館
便宜,地方,對面,毛筆,產生,不到,柄
大,附近,裡面,教,常,不得已,並列
小,離,旅行,講,嘗試,不敢當,並重
難,往,飯店,講話,場,不顧,併發
容易,送,旅館,告訴,超過,不過,病床
有,帶,參觀,念,超級,不見得,病菌
想,放,地圖,唸,炒,不僅,病情
幾,拿,照相機,練習,吵,不良,撥
塊,進來,相機,討論,吵架,不平,波
飯,出去,照相,認為,車禍,不然,波及
吃,站,風景,解釋,趁,不如,波浪
請,快,頭,同意,成,不許,剝
也,慢,頭髮,了解,成果,不宜,剝削
不,近,耳朵,清楚,成就,不由得,搏鬥
沒,遠,手指,無聊,成熟,不止,播出
都,手,肚子,決定,成長,部隊,補給
只,身體,健康,遍,程度,部長,補救
可是,眼睛,感冒,交,承認,布告,補習班
還是,藥,生病,借,誠實,佈告,哺乳動物
了,累,受傷,算,吃喝玩樂,布告欄,不便
得,雙,餓,對,尺,佈告欄,不得
過,元,渴,錯,充實,財產,不等
 ,鞋子,舒服,辦法,重新,財富,不動產
 ,褲子,眼鏡,方法,蟲,才能,不法
 ,市場,痛,有用,蟲子,裁判,不凡
 ,衣服,希望,進步,抽,裁員,不妨
 ,比,商店,忘,醜,踩,不公
 ,要,店,記,臭,採,不及
 ,要,重要,公寓,初,採購,不禁
 ,長,公斤,大樓,出版,彩色,不堪
 ,新,顏色,臥室,出差,參與,不力
 ,一樣,黃色,花園,出門,蠶,不料
 ,好吃,白色,門口,出租,慚愧,不免
 ,件,襪子,浴室,除了,慘,不容
 ,杯,裙子,樓梯,除夕,倉庫,不時
 ,瓶,短,牆,廚師,藏,不惜
 ,菜,小心,洗衣機,處理,操心,不下
 ,蘋果,牛奶,冰箱,傳統,操作,不肖
 ,肉,蛋,燈,串,冊,不懈
 ,酒,餃子,打開,創造,策略,不再
 ,喝,麵,盒子,吹,測量,不致
 ,少,湯,鄰居,春節,測試,不知不覺
 ,多,包子,熱鬧,詞,測驗,不至
 ,多,蛋糕,吵,此,測驗,致於
 ,一起,麵包,滿意,刺激,差,部落
 ,因為,水果,乾淨,刺激,差錯,部署
 ,和,香蕉,房租,從不,差距,步調
 ,所以,食物,租,從來,插,步驟
 ,跟,飲料,開水,從小,插花,猜測
 ,著,果汁,鄉下,醋,插圖,猜忌
 ,可能,杯子,森林,存,茶館,猜想
 , ,甜,地,存在,茶會,裁縫
 , ,菜單,草,寸,茶葉,裁減
 , ,巧克力,枝,錯,拆,財團
 , ,碗,隻,錯誤,產,財政
 , ,盤子,動物,挫折,產量,才智
 , ,片,牛,答應,產業,採訪
 , ,一半,虎,達成,嘗試,採光
 , ,過,羊,打工,嚐試,採納
 , ,一定,豬,打架,常識,採取
 , , ,月亮,打聽,長處,彩繪
 , , ,星星,打仗,長度,餐具
 , , ,雲,打折,長方形,參謀
 , , ,地球,大大,長久,殘暴
 , , ,世界,大多數,長途,殘酷
 , , ,環境,大方,場,殘殺
 , , ,火,大概,場地,慘重
 , , ,晴天,大會,場合,燦爛
 , , ,暖和,大陸,場所,蒼白
 , , ,涼快,大門,廠商,蒼蠅
 , , ,溫暖,大小,抄,操縱
 , , ,度,大約,鈔票,草案
 , , ,溫度,袋,超出,草叢
 , , ,雨,代表,超人,草率
 , , ,雪,代表,超越,草藥
 , , ,空氣,代替,超重,測
 , , ,間,帶來,朝,策劃
 , , ,睡,帶領,潮流,策畫
 , , ,發生,單純,潮溼,差額
 , , ,發現,單身,潮濕,插曲
 , , ,發現,擔任,吵鬧,插嘴
 , , ,照顧,但,車票,茶具
 , , ,打掃,淡,扯,察覺
 , , ,餐,當,澈底,查明
 , , ,起來,當場,沉,蟬
 , , ,搬,當地,陳列,饞
 , , ,掛,當面,稱,潺潺
 , , ,有空,當年,撐,猖獗
 , , ,過年,當天,成,腸
 , , ,結束,當中,成,長遠
 , , ,完,當作,成本,場次
 , , ,散步,當做,成分,場面
 , , ,爬,倒,成份,倡導
 , , ,跳,島,成交,唱腔
 , , ,座位,導演,成立,暢銷
 , , ,博物館,到,成天,產物
 , , ,節目,到,成為,產值
 , , ,新聞,到處,成語,超速
 , , ,政治,到底,乘,超脫
 , , ,體育,到底,乘客,抄襲
 , , ,網站,道德,誠懇,吵嘴
 , , ,還,道教,誠意,車輛
 , , ,經常,道理,呈現,車廂
 , , ,平常,道歉,程序,撤回
 , , ,總是,倒,吃虧,撤銷
 , , ,已經,倒是,遲,沉默
 , , ,各,地,遲早,沉思
 , , ,雜誌,得,尺寸,沉重
 , , ,文章,得到,翅膀,塵土
 , , ,故事,得意,沖,呈
 , , ,小說,得很,充分,乘
 , , ,美術,的話,充份,承包
 , , ,藝術,得,充滿,承擔
 , , ,興趣,燈光,充足,承諾
 , , ,收,等,重,成敗
 , , ,談,等等,崇拜,成見
 , , ,聊天,等待,崇高,成就
 , , ,唱,低,抽屜,成品
 , , ,歌,敵人,愁,成全
 , , ,早,底,出,成人
 , , ,遲到,底下,出產,成效
 , , ,後來,抵達,出境,成衣
 , , ,變,地板,出口,成員
 , , ,跳舞,地帶,出色,成長
 , , ,樂器,地點,出身,稱號
 , , ,吉他,地理,出事,稱呼
 , , ,鋼琴,地區,出售,撐腰
 , , ,可怕,地攤,出席,程式
 , , ,活動,地位,出院,呈獻
 , , ,就,地下,初,誠心
 , , ,消息,地形,初步,誠心誠意
 , , ,才,點,初步,誠摯
 , , ,又,點,初級,稱
 , , ,客人,點,除,吃驚
 , , ,不好意思,點,除,吃苦
 , , ,怎麼了,電,除,吃力
 , , ,怎麼辦,電車,除非,持
 , , ,客氣,電池,儲存,持久
 , , ,舞會,電燈,儲蓄,持平
 , , ,最近,店員,處,持續
 , , ,請客,調查,處罰,池
 , , ,慶祝,訂,處,池子
 , , ,聽說,丟,處處,遲鈍
 , , ,感謝,東北,傳,充斥
 , , ,見面,東方,傳播,充裕
 , , ,約,東南,傳達,沖淡
 , , ,事,懂事,傳單,沖天
 , , ,事情,逗,傳染,衝
 , , ,明信片,豆腐,傳說,衝動
 , , ,卡片,豆漿,傳說,衝擊
 , , ,幫,都市,傳送,衝突
 , , ,弄,毒品,傳統,憧憬
 , , ,檢查,獨特,傳真,重疊
 , , ,通知,讀者,窗口,崇尚
 , , ,通知,段,床,寵愛
 , , ,叫,堆,床單,寵物
 , , ,麻煩,對,幢,抽查
 , , ,偷,對,闖,抽空
 , , ,錢包,對,創作,抽象
 , , ,拉,對方,春季,抽樣
 , , ,小偷,對話,春假,愁
 , , ,滿,對了,純,仇
 , , ,丟,對象,磁帶,仇恨
 , , ,啊,多多少少,詞典,稠密
 , , ,汽車,多麼,詞彙,出超
 , , ,輛,朵,辭職,出錯
 , , ,船,頓,此外,出發點
 , , ,停車場,嗯,刺,出局
 , , ,搭,而,刺激,出口
 , , ,起飛,兒童,次數,出力
 , , ,出,發,從,出路
 , , ,出來,發表,從此,出馬
 , , ,進,發財,從沒,出賣
 , , ,進去,發出,從事,出面
 , , ,回去,發達,湊,出名
 , , ,路口,發揮,粗,出品
 , , ,紅綠燈,發覺,粗心,出示
 , , ,橋,發明,促進,出手
 , , ,左,發明,催,出頭
 , , ,右,發脾氣,存款,出頭
 , , ,裡,發票,搓,出土
 , , ,下,法律,錯過,出息
 , , ,上,翻,錯字,出血
 , , ,這邊,翻譯,措施,初期
 , , ,這些,煩惱,答,儲備
 , , ,那些,反而,答案,除此之外
 , , ,那邊,反應,達到,鋤頭
 , , ,旅遊,犯,打,處
 , , ,動物園,範圍,打扮,處方
 , , ,出發,方面,打包,處分
 , , ,離開,方式,打斷,處分
 , , ,向,房東,打擾,處境
 , , ,南,房客,打算,處事
 , , ,南部,房屋,打招呼,處於
 , , ,南邊,訪問,打針,處女
 , , ,西,放心,打字,穿梭
 , , ,西部,非,大半,傳
 , , ,西邊,非,大便,傳遞
 , , ,北,飛,大膽,傳奇
 , , ,北部,費用,大地,傳奇
 , , ,北邊,分開,大都,傳神
 , , ,東,份,大哥,傳授
 , , ,東部,封,大哥大,船隻
 , , ,東邊,豐富,大街,喘
 , , ,經過,風格,大力,串
 , , ,轉,風俗,大量,創傷
 , , ,掉,佛教,大腦,創
 , , ,一直,否則,大清早,創辦
 , , ,過去,夫婦,大嫂,創立
 , , ,最後,符合,大腿,創新
 , , ,動,福利,大型,創業
 , , ,躺,服裝,大意,創作
 , , ,起,腐敗,大有,吹牛
 , , ,停,付出,大致,垂
 , , ,中心,負擔,大眾,垂直
 , , ,外國,負擔,大自然,辭
 , , ,護照,負責,待會,辭典
 , , ,行李,複習,待,辭行
 , , ,出口,該,代,慈善
 , , ,油,改,代,此刻
 , , ,鑰匙,改變,代表,次
 , , ,袋子,改變,代溝,次要
 , , ,公里,改進,代價,伺候
 , , ,方向,改善,代理,刺殺
 , , ,出現,改天,帶動,匆忙
 , , ,交通,蓋,帶路,從容
 , , ,臉,概念,帶子,從而
 , , ,腿,敢,大夫,湊巧
 , , ,腳,趕,貸款,粗糙
 , , ,心,趕快,貸款,粗魯
 , , ,鼻,趕上,待遇,促
 , , ,鼻子,感動,單,促成
 , , ,背,感想,單調,促使
 , , ,嘴巴,感興趣,單位,促銷
 , , ,脖子,剛,單子,簇擁
 , , ,健康,高速,擔保,摧殘
 , , ,感覺,高中,耽誤,摧毀
 , , ,感覺,搞,膽量,催眠
 , , ,救護車,歌曲,膽小,脆弱
 , , ,咳嗽,歌星,蛋白質,存貨
 , , ,發燒,隔壁,誕生,磋商
 , , ,疼,革命,當初,撮合
 , , ,保險,個人,當時,搭配
 , , ,病,個子,當選,達
 , , ,看病,各式各樣,當中,答覆
 , , ,病人,各位,擋,打
 , , ,掛號,個,檔案,打鬥
 , , ,牙刷,給,當,打賭
 , , ,剪,跟,倒楣,打發
 , , ,藥房,跟,導演,打擊
 , , ,恢復,根,導遊,打量
 , , ,救命,根,倒,打獵
 , , ,影響,根據,道,打牌
 , , ,影響,更加,道路,打手
 , , ,飽,公尺,到達,打烊
 , , ,吃飽,公分,得分,大道
 , , ,簡單,公共,得獎,大隊
 , , ,書店,公克,得了,大使
 , , ,超級市場,公路,得罪,大選
 , , ,超市,功夫,登,大洋洲
 , , ,戴,功能,登記,大意
 , , ,試,工具,登山,大致
 , , ,輕,工業,等不及,呆
 , , ,重,工作,等到,待
 , , ,流行,恭喜,等級,歹徒
 , , ,藍色,共,等於,逮捕
 , , ,綠色,共同,凳子,代課
 , , ,紅色,貢獻,滴,怠慢
 , , ,黑色,貢獻,低潮,擔
 , , ,手表,溝通,的確,擔當
 , , ,手錶,夠,抵,擔負
 , , ,付,購買,抵抗,單獨
 , , ,襯衫,姑娘,遞,單價
 , , ,毛衣,古,地面,單據
 , , ,大衣,古代,地毯,單親
 , , ,牛仔褲,古蹟,地下,單行道
 , , ,雨衣,古老,地震,膽
 , , ,內衣,顧,典禮,膽固醇
 , , ,帽子,故意,典型,但
 , , ,皮包,刮,點燃,淡季
 , , ,外套,乖,點頭,淡水
 , , ,乾,怪,墊,刀
 , , ,舊,怪,電報,導師
 , , ,價格,關,電動,導致
 , , ,價錢,觀察,電扇,島嶼
 , , ,排隊,觀點,電視台,道
 , , ,信用卡,觀念,電台,道別
 , , ,毛,觀眾,電線,道地
 , , ,比較,管,電子,道士
 , , ,樣子,罐,雕刻,道義
 , , ,特別,廣播,雕刻,到期
 , , ,一般,廣播,吊,到頭來
 , , ,圓,廣場,釣,倒數
 , , ,光,廣告,跌,當
 , , ,看見,逛,跌倒,當兵
 , , ,其他,逛街,丁,當代
 , , ,聲音,規矩,盯,當局
 , , ,大聲,規模,頂,當前
 , , ,好像,鬼,訂婚,當心
 , , ,像,貴姓,訂位,黨派
 , , ,奇怪,櫃子,定期,黨員
 , , ,死,國內,定期,得以
 , , ,髒,國外,丟臉,登場
 , , ,差不多,國王,丟人,登陸
 , , ,一共,國語,冬季,燈火
 , , ,需要,過去,懂得,燈籠
 , , ,牛排,過日子,洞,等候
 , , ,米,嗨,凍,等價
 , , ,三明治,還好,棟,瞪
 , , ,西瓜,還是,動不動,滴
 , , ,啤酒,還要,動詞,嘀咕
 , , ,紅茶,海報,動人,底片
 , , ,點菜,海灘,動身,抵
 , , ,包,海洋,動手,抵押
 , , ,酸,害,動作,抵制
 , , ,苦,害怕,鬥爭,地表
 , , ,鹹,行,毒,地步
 , , ,辣,航空,毒,地勢
 , , ,點心,好,獨立,地域
 , , ,冰淇淋,好處,獨自,地獄
 , , ,餅乾,好好,賭,地質
 , , ,漢堡,好幾,度,地主
 , , ,青菜,好了,度過,締結
 , , ,鹽,好些,端,締造
 , , ,糖,和,斷,弟兄
 , , ,煮,盒,鍛鍊,顛覆
 , , ,碗,合,堆,典型
 , , ,盤,合唱,隊,典雅
 , , ,條,合作,隊員,點子
 , , ,位,黑,對岸,奠定
 , , ,種,恨,對策,惦記
 , , ,口,恨不得,對待,電工
 , , ,夠,紅,對付,電力
 , , ,任何,紅包,對抗,電流
 , , ,味道,紅豆,對立,電器
 , , ,香,厚,對於,電視劇
 , , ,全部,後,蹲,電壓
 , , ,所有,後,頓,凋零
 , , ,許多,忽然,噸,調
 , , ,新鮮,糊塗,多半,調查
 , , ,烤,互相,多多,調度
 , , ,嚐,花,多少,吊橋
 , , ,裝,花心,多數,釣魚
 , , ,刀,滑雪,多謝,疊
 , , ,刀子,畫家,奪,頂
 , , ,叉,話說回來,躲,頂
 , , ,叉子,話題,鵝,定額
 , , ,湯匙,化妝品,惡劣,定義
 , , ,筷子,壞處,而已,釘
 , , ,沒有,還,發,訂購
 , , ,別,環保,發動,丟棄
 , , ,不用,黃,發抖,凍結
 , , ,不但,回,發起,洞穴
 , , ,只好,回答,發射,動產
 , , ,正在,回想,發行,動機
 , , ,馬上,會,發言,動靜
 , , ,把,會場,發揚,動力
 , , ,被,會話,發音,動亂
 , , ,讓,會議,發展,動脈
 , , ,或,婚禮,罰,動態
 , , ,或是,婚姻,法子,動向
 , , ,可能,混亂,法院,動員
 , , ,然後,活,髮型,抖
 , , ,但是,活動,番,陡
 , , ,而且,或許,翻,逗留
 , , ,雖然,基本,煩,鬥志
 , , ,原來,基本,煩惱,督促
 , , ,也許,基礎,繁忙,獨創
 , , ,為了,基督教,繁榮,獨到
 , , ,必須,激動,繁殖,獨占
 , , ,永遠,激烈,反,獨佔
 , , ,邊,積極,反,讀物
 , , ,那麼,機器,反對,堵
 , , ,這麼,及,反覆,堵塞
 , , ,本來,急,反抗,賭博
 , , ,要是,極,反面,賭場
 , , , ,極了,反問,渡
 , , , ,擠,反映,度量衡
 , , , ,擠,反應,端正
 , , , ,既,反正,短缺
 , , , ,記,返回,短暫
 , , , ,記錄,犯錯,斷絕
 , , , ,記錄,犯法,堆積
 , , , ,記憶,犯人,隊伍
 , , , ,季節,犯罪,兌現
 , , , ,紀念,方,對比
 , , , ,紀念,方案,對照
 , , , ,技巧,防,對峙
 , , , ,繼續,防守,頓
 , , , ,加,防止,頓
 , , , ,加強,放大,頓時
 , , , ,加入,放棄,多寡
 , , , ,加上,放手,多虧
 , , , ,加油,放學,多媒體
 , , , ,家,非法,多元
 , , , ,家鄉,肥,奪魁
 , , , ,家長,肥胖,躲避
 , , , ,假,肥皂,墮胎
 , , , ,假如,肺,額外
 , , , ,假裝,費,惡
 , , , ,架,廢話,惡化
 , , , ,假日,廢氣,惡性
 , , , ,價值,廢水,惡意
 , , , ,肩膀,廢物,恩愛
 , , , ,堅持,分別,恩情
 , , , ,堅強,分別,恩人
 , , , ,減,分別,恩怨
 , , , ,減輕,分布,而
 , , , ,減少,分佈,而是
 , , , ,簡直,分工,而言
 , , , ,見,分明,兒女
 , , , ,建立,分配,耳光
 , , , ,建設,分散,發
 , , , ,建設,分手,發電
 , , , ,建議,分數,發瘋
 , , , ,建議,分析,發掘
 , , , ,將來,分析,發誓
 , , , ,講價,紛紛,發炎
 , , , ,講究,吩咐,發音
 , , , ,獎學金,粉筆,發育
 , , , ,降低,份,發展
 , , , ,醬油,奮鬥,發作
 , , , ,交,憤怒,法定
 , , , ,交流,封,法官
 , , , ,交友,封建,法令
 , , , ,驕傲,蜂蜜,法人
 , , , ,郊區,風氣,法則
 , , , ,角度,風趣,法制
 , , , ,角色,風險,法治
 , , , ,叫,瘋,翻臉
 , , , ,叫,瘋狂,翻身
 , , , ,較,瘋子,翻新
 , , , ,教,逢,繁多
 , , , ,教材,縫,繁體
 , , , ,教導,諷刺,藩籬
 , , , ,教法,否定,凡
 , , , ,教練,否認,凡是
 , , , ,教授,夫妻,返
 , , , ,教訓,夫人,反擊
 , , , ,教育,幅,反射
 , , , ,教育,扶,反省
 , , , ,接觸,服,反之
 , , , ,接受,服,犯規
 , , , ,接著,浮,販毒
 , , , ,結,符號,販賣
 , , , ,結果,付,方位
 , , , ,結局,赴,方向盤
 , , , ,節,副,方針
 , , , ,節日,輔導,方正
 , , , ,解決,富,妨礙
 , , , ,解釋,富裕,防備
 , , , ,姊妹,附加,防範
 , , , ,斤,婦女,防水
 , , , ,金,複雜,防衛
 , , , ,金子,複製,防禦
 , , , ,緊,該,防治
 , , , ,僅,改革,仿冒
 , , , ,儘管,改造,仿造
 , , , ,盡,改正,紡織
 , , , ,進,蓋,放蕩
 , , , ,進行,蓋子,放寬
 , , , ,進一步,肝,放款
 , , , ,經,乾杯,放任
 , , , ,經費,乾脆,放鬆
 , , , ,經過,趕,放映
 , , , ,經過,趕緊,放逐
 , , , ,經驗,感到,非凡
 , , , ,精神,感恩,非洲
 , , , ,驚訝,感激,飛彈
 , , , ,酒吧,感情,飛快
 , , , ,救,感染,飛翔
 , , , ,舅舅,感受,飛行
 , , , ,舅媽,感受,肥料
 , , , ,就,幹,廢
 , , , ,就是,幹部,廢除
 , , , ,就算,幹嘛,廢棄
 , , , ,就要,幹嘛,廢墟
 , , , ,居住,幹什麼,廢止
 , , , ,橘子,鋼,費力
 , , , ,舉,鋼筆,沸騰
 , , , ,舉辦,剛好,肺炎
 , , , ,舉手,港幣,分貝
 , , , ,舉行,港口,分辨
 , , , ,句,高潮,分寸
 , , , ,聚,高大,分擔
 , , , ,劇本,高度,分發
 , , , ,劇情,高度,分割
 , , , ,拒絕,高峰,分化
 , , , ,距離,高貴,分級
 , , , ,具有,高級,分家
 , , , ,絕對,高明,分解
 , , , ,軍隊,高手,分離
 , , , ,軍人,高原,分裂
 , , , ,卡車,告,分泌
 , , , ,開放,告辭,分明
 , , , ,開花,割,分享
 , , , ,開朗,擱,分子
 , , , ,開始,歌劇,墳墓
 , , , ,開玩笑,隔,粉紅
 , , , ,看不起,革命,粉刷
 , , , ,看法,各,分量
 , , , ,看起來,各行各業,糞
 , , , ,考,個別,封
 , , , ,棵,個性,封閉
 , , , ,刻,根本,封鎖
 , , , ,科,根本,封條
 , , , ,科技,根據,風暴
 , , , ,科學,供,風潮
 , , , ,可,工程,風光
 , , , ,可,工夫,風光
 , , , ,可靠,工會,風化
 , , , ,可樂,工錢,風力
 , , , ,可惡,工資,風尚
 , , , ,可惜,公布,風水
 , , , ,可以,公佈,風行
 , , , ,渴望,公公,鋒面
 , , , ,克,公開,豐盛
 , , , ,克服,公立,豐收
 , , , ,課程,公平,縫
 , , , ,課堂,公式,奉獻
 , , , ,課文,公用,奉養
 , , , ,客滿,公元,佛經
 , , , ,刻,供應,佛像
 , , , ,肯,共,否決
 , , , ,肯定,共同,膚淺
 , , , ,空,構成,敷衍
 , , , ,空間,構造,俘虜
 , , , ,空軍,孤單,俘虜
 , , , ,恐怕,估計,浮動
 , , , ,空,姑姑,服從
 , , , ,口,姑丈,服飾
 , , , ,口袋,古典,服務
 , , , ,口味,鼓,服刑
 , , , ,誇張,鼓勵,幅度
 , , , ,快,鼓勵,福氣
 , , , ,快要,鼓舞,輻射
 , , , ,寬,鼓掌,斧頭
 , , , ,況且,骨頭,撫養
 , , , ,困難,固定,撫育
 , , , ,困難,顧問,腐爛
 , , , ,擴大,故鄉,腐蝕
 , , , ,拉肚子,瓜,腐朽
 , , , ,啦,瓜子,付
 , , , ,來,掛號信,付款
 , , , ,來,怪,負
 , , , ,來不及,官方,負面
 , , , ,來得及,官員,副
 , , , ,藍,關,富
 , , , ,浪漫,關鍵,富貴
 , , , ,老公,關上,富有
 , , , ,老虎,關於,婦人
 , , , ,老婆,觀光,附上
 , , , ,老實,管道,復甦
 , , , ,老是,管制,復原
 , , , ,樂,慣,賦予
 , , , ,樂觀,慣例,該死
 , , , ,樂趣,冠軍,改編
 , , , ,垃圾,罐頭,改觀
 , , , ,淚,罐子,改良
 , , , ,類,光,改選
 , , , ,冷淡,光,鈣
 , , , ,離,光亮,概
 , , , ,離婚,光臨,概括
 , , , ,里,光明,概況
 , , , ,裡邊,光榮,蓋章
 , , , ,理解,光是,尷尬
 , , , ,理論,光線,干擾
 , , , ,理想,廣,干涉
 , , , ,理想,廣大,乾燥
 , , , ,裏面,廣泛,感觸
 , , , ,禮堂,廣告,感性
 , , , ,力,廣闊,趕忙
 , , , ,力量,規定,綱領
 , , , ,厲害,規定,剛強
 , , , ,立刻,規畫,鋼鐵
 , , , ,例如,規劃,崗位
 , , , ,例子,規畫,高見
 , , , ,利益,規劃,高壓
 , , , ,利用,規律,告別
 , , , ,連,規則,告狀
 , , , ,連,跪,胳膊
 , , , ,連絡,櫃臺,歌唱
 , , , ,聯絡,櫃台,歌手
 , , , ,連續劇,貴族,歌頌
 , , , ,練,滾,疙瘩
 , , , ,戀愛,鍋,鴿子
 , , , ,涼,鍋子,隔
 , , , ,良好,國會,隔閡
 , , , ,亮,國籍,隔天
 , , , ,聊,國際,格局
 , , , ,了不起,國立,格式
 , , , ,靈魂,國旗,格外
 , , , ,零錢,國小,革新
 , , , ,零用錢,國中,各界
 , , , ,領,裹,各自
 , , , ,領導,果然,個數
 , , , ,領域,過,個體
 , , , ,令,過程,給予
 , , , ,流,過度,跟進
 , , , ,流汗,過渡,跟前
 , , , ,流血,過節,根源
 , , , ,留學,過濾,耕地
 , , , ,留學生,過期,更動
 , , , ,龍,過世,弓
 , , , ,錄,還不如,工地
 , , , ,錄取,還有,工讀
 , , , ,錄音,海關,工藝品
 , , , ,露營,海軍,公安
 , , , ,亂,海外,公費
 , , , ,輪胎,海峽,公會
 , , , ,旅客,海鮮,公民
 , , , ,綠,害處,公認
 , , , ,律師,含,公事
 , , , ,麻煩,含,公文
 , , , ,馬桶,含量,公務
 , , , ,碼頭 ,寒冷,公務員
 , , , ,螞蟻,喊,公益
 , , , ,罵,汗,公債
 , , , ,嘛,行業,功勞
 , , , ,滿,毫無,功利
 , , , ,滿,好,攻
 , , , ,滿足,好,攻讀
 , , , ,慢慢,好在,攻擊
 , , , ,慢跑,耗,供給
 , , , ,慢用,好客,宮殿
 , , , ,毛,好奇,恭敬
 , , , ,毛病,號召,恭維
 , , , ,貿易,合,鞏固
 , , , ,沒,合,共產
 , , , ,沒,合不來,共和國
 , , , ,沒什麼,合成,共鳴
 , , , ,沒想到,合得來,供養
 , , , ,玫瑰,合法,勾結
 , , , ,每,合格,溝
 , , , ,美好,合乎,購
 , , , ,門,合理,構想
 , , , ,夢,合適,孤獨
 , , , ,迷路,合算,孤兒
 , , , ,迷人,和好,孤立
 , , , ,米飯,和平,辜負
 , , , ,米粉,和氣,估價
 , , , ,秘密,何必,古怪
 , , , ,祕密,何況,古跡
 , , , ,密切,河流,古籍
 , , , ,免費,嘿,古物
 , , , ,面,黑暗,股
 , , , ,面,黑夜,股市
 , , , ,面積,痕跡,鼓吹
 , , , ,面前,恨,鼓動
 , , , ,麵條,橫,故
 , , , ,描寫,喉嚨,雇
 , , , ,秒,猴子,僱
 , , , ,廟,後代,雇用
 , , , ,民國,後方,僱用
 , , , ,民族,後果,固然
 , , , ,名,後悔,固體
 , , , ,名詞,後年,固有
 , , , ,明白,後頭,固執
 , , , ,明顯,後退,顧全
 , , , ,明星,後院,蝸牛
 , , , ,命,呼,寡婦
 , , , ,摸,呼吸,拐
 , , , ,摩托車,忽略,怪不得
 , , , ,機車,忽視,官
 , , , ,陌生,蝴蝶,官司
 , , , ,某,鬍子,棺材
 , , , ,木,戶,觀
 , , , ,木頭,戶外,觀測
 , , , ,目的,互助,觀感
 , , , ,目前,花草,觀光
 , , , ,拿手,花費,觀看
 , , , ,哪些,花費,觀摩
 , , , ,那,花盆,觀望
 , , , ,那麼,花瓶,關稅
 , , , ,那樣,花色,關切
 , , , ,那樣,花生,關懷
 , , , ,哪,划,關頭
 , , , ,奶,滑,關係
 , , , ,奶茶,滑,關照
 , , , ,耐心,華僑,管教
 , , , ,南方,華人,管理
 , , , ,難怪,化,管線
 , , , ,難看,化,管子
 , , , ,腦,化學,貫徹
 , , , ,腦子,化妝,慣
 , , , ,鬧鐘,化裝,灌
 , , , ,內,懷念,灌溉
 , , , ,內容,懷孕,灌輸
 , , , ,能,壞蛋,光顧
 , , , ,能夠,歡呼,光滑
 , , , ,能力,歡樂,光輝
 , , , ,年,歡喜,光芒
 , , , ,年代,緩和,規範
 , , , ,年齡,緩慢,規格
 , , , ,年年,幻想,規矩
 , , , ,念書,幻想,規則
 , , , ,農業,慌,歸
 , , , ,女士,皇帝,歸
 , , , ,喔,黃豆,歸還
 , , , ,哦,黃昏,歸納
 , , , ,噢,灰,軌道
 , , , ,拍,灰色,鬼怪
 , , , ,排,灰心,貴
 , , , ,牌子,揮,貴賓
 , , , ,盼望,回,棍子
 , , , ,旁,回電,國產
 , , , ,陪,回教,國防
 , , , ,培養,伊斯蘭教,國境
 , , , ,配,回收,國君
 , , , ,配合,回頭,國民
 , , , ,碰,回信,國營
 , , , ,碰到,回憶,果斷
 , , , ,碰上,匯款,果實
 , , , ,批評,會員,果樹
 , , , ,皮,昏倒,果真
 , , , ,皮帶,昏迷,過關
 , , , ,皮膚,混,過量
 , , , ,皮鞋,混合,過敏
 , , , ,篇,活該,過目
 , , , ,騙子,活力,過人
 , , , ,品質,活潑,過失
 , , , ,坪,活躍,過癮
 , , , ,平,火柴,過重
 , , , ,平安,火腿,海拔
 , , , ,平等,火災,海面
 , , , ,平時,禍,海嘯
 , , , ,平原,或多或少,海運
 , , , ,瓶子,或者,害蟲
 , , , ,破,貨物,喊
 , , , ,破壞,獲得,行號
 , , , ,葡萄,肌肉,行列
 , , , ,普遍,基本上,航空信
 , , , ,欺負,基金,航行
 , , , ,其次,幾乎,毫不
 , , , ,其實,機構,好比
 , , , ,其中,機關,好手
 , , , ,期,機票,好受
 , , , ,期間,機械,號
 , , , ,起,及格,號子
 , , , ,起,及時,證券行
 , , , ,起來,即將,合併
 , , , ,氣,即使,合同
 , , , ,氣,極其,合意
 , , , ,氣溫,級,合約
 , , , ,汽水,集,何
 , , , ,企業,集,何在
 , , , ,簽名,集合,和解
 , , , ,簽證,集郵,和睦
 , , , ,謙虛,集中,和諧
 , , , ,前,集中,核定
 , , , ,前,疾病,核對
 , , , ,前年,急忙,核算
 , , , ,淺,寂寞,核准
 , , , ,強盜,既然,核子
 , , , ,強調,技術,黑名單
 , , , ,搶,計算,黑社會
 , , , ,親,計較,狠
 , , , ,親切,記性,狠心
 , , , ,親手,記憶,哼
 , , , ,親眼,記載,哼
 , , , ,親自,記住,橫
 , , , ,清,加班,衡量
 , , , ,青年,加工,轟動
 , , , ,青少年,加上,轟轟烈烈
 , , , ,輕鬆,加速,紅利
 , , , ,晴,加以,紅燒
 , , , ,情,家事,洪水
 , , , ,情人,夾,宏偉
 , , , ,情況,甲,哄
 , , , ,情形,嫁,後輩
 , , , ,請教,駕駛,後天
 , , , ,請求,駕駛,候選人
 , , , ,窮,價值,呼籲
 , , , ,求,尖,壺
 , , , ,球,尖銳,胡亂
 , , , ,球場,肩,狐疑
 , , , ,球賽,兼,戶口
 , , , ,球員,間,互補
 , , , ,取代,堅定,互動
 , , , ,去,堅決,互惠
 , , , ,去,監視,護
 , , , ,去世,監獄,花瓣
 , , , ,全,揀,花朵
 , , , ,全球,撿,花卉
 , , , ,全身,剪刀,花紋
 , , , ,缺點,檢驗,花樣
 , , , ,卻,建,划不來
 , , , ,確定,建國,划得來
 , , , ,確認,建築,華裔
 , , , ,讓,建築,化工
 , , , ,熱狗,箭,化石
 , , , ,熱水,漸漸,話劇
 , , , ,人家,間接,畫面
 , , , ,人間,鍵盤,畫展
 , , , ,人口,健全,劃時代
 , , , ,人類,江,懷
 , , , ,人們,將,懷疑
 , , , ,人民,將要,歡送
 , , , ,人人,獎金,幻象
 , , , ,人數,獎品,換取
 , , , ,人物,降,患
 , , , ,忍,降價,患者
 , , , ,忍耐,澆,荒唐
 , , , ,認,交代,慌張
 , , , ,認得,交換,惶恐
 , , , ,任務,交際,恍惚
 , , , ,扔,交往,灰
 , , , ,仍,交易,灰塵
 , , , ,仍然,交易,輝煌
 , , , ,日出,郊外,回合
 , , , ,日記,角,回絕
 , , , ,日子,角落,回升
 , , , ,如,繳,回憶
 , , , ,如此,腳步,迴響
 , , , ,如下,較,回響
 , , , ,如意,叫喊,毀
 , , , ,弱,教會,毀損
 , , , ,傘,教授,悔恨
 , , , ,殺,教學,匯
 , , , ,晒,教訓,匯票
 , , , ,山區,接,會見
 , , , ,傷害,接待,會談
 , , , ,商品,接到,會意
 , , , ,商人,接見,繪畫
 , , , ,商業,接近,賄賂
 , , , ,上,接近,彗星
 , , , ,上,街道,昏
 , , , ,上當,街頭,渾身
 , , , ,上帝,階段,混
 , , , ,上街,節,混淆
 , , , ,上衣,節省,混濁
 , , , ,燒,節約,活
 , , , ,少,結,活期
 , , , ,蛇,結構,火箭
 , , , ,設備,結果,火力
 , , , ,設計,結果,火焰
 , , , ,設計,結合,火藥
 , , , ,深,結論,伙伴
 , , , ,深入,結算,獲
 , , , ,身邊,結帳,貨幣
 , , , ,身高,截止,貨品
 , , , ,身上,解,豁達
 , , , ,甚至,解除,積
 , , , ,升,解答,基層
 , , , ,聲,屆,基地
 , , , ,聲調,界線,基督
 , , , ,生,戒指,基因
 , , , ,生產,今後,機動
 , , , ,生動,金額,機警
 , , , ,生活,金融,機率
 , , , ,生命,金屬,機密
 , , , ,生意,儘管,機器人
 , , , ,生字,儘量,機制
 , , , ,省,緊急,肌膚
 , , , ,省錢,僅僅,飢餓
 , , , ,剩,近,畸形
 , , , ,剩下,近來,激增
 , , , ,濕,近視,及早
 , , , ,失戀,盡力,吉利
 , , , ,失去,進入,吉祥
 , , , ,獅子,進口,汲取
 , , , ,十分,禁止,即
 , , , ,石頭,浸,即
 , , , ,石油,精彩,即日
 , , , ,時,精力,即時
 , , , ,時代,精細,嫉妒
 , , , ,時刻,經濟,極端
 , , , ,實話,經歷,極端
 , , , ,實際,經歷,極力
 , , , ,實力,經營,極為
 , , , ,實行,京劇,集合
 , , , ,實在,驚人,集結
 , , , ,使得,警告,集權
 , , , ,使用,警告,集體
 , , , ,事實,景色,集團
 , , , ,事業,靜,急救
 , , , ,適應,鏡,急躁
 , , , ,市長,鏡子,急診
 , , , ,收穫,敬愛,籍貫
 , , , ,收音機,敬酒,擊
 , , , ,熟,敬禮,擊落
 , , , ,首,淨化,計
 , , , ,手套,竟然,暨
 , , , ,手續,競爭,繼承
 , , , ,受得了,糾正,季風
 , , , ,書包,酒會,劑量
 , , , ,書架,就,紀律
 , , , ,蔬菜,就是,技能
 , , , ,舒適,就是說,技藝
 , , , ,叔叔,就業,祭祀
 , , , ,熟悉,救火,傢伙
 , , , ,數,究竟,家家戶戶
 , , , ,數字,居民,家電
 , , , ,樹木,居然,家屬
 , , , ,刷牙,局,佳節
 , , , ,帥,鞠躬,佳人
 , , , ,雙,巨大,加緊
 , , , ,水餃,具,加快
 , , , ,水平,具,加薪
 , , , ,水準,具備,加重
 , , , ,睡著,具體,枷鎖
 , , , ,順便,俱樂部,夾雜
 , , , ,順利,聚集,假
 , , , ,說法,距離,假若
 , , , ,說明,劇場,假使
 , , , ,說明,劇烈,假象
 , , , ,說起來,劇院,架
 , , , ,思考,據說,架
 , , , ,思想,捐,架子
 , , , ,似乎,捐款,架構
 , , , ,寺廟,捐款,假期
 , , , ,速度,卷,煎
 , , , ,算了,捲,監督
 , , , ,隨便,決,尖端
 , , , ,隨時,絕,堅固
 , , , ,所,決心,堅忍
 , , , ,所,決心,堅信
 , , , ,所謂,絕不,堅硬
 , , , ,它,絕大部分,兼職
 , , , ,它們,絕對,艱鉅
 , , , ,台,覺悟,艱苦
 , , , ,抬,軍,艱難
 , , , ,颱風,軍事,簡便
 , , , ,態度,卡,簡稱
 , , , ,談話,卡,簡化
 , , , ,堂,卡通,簡體
 , , , ,堂,開,檢討
 , , , ,討厭,開除,漸
 , , , ,套,開刀,賤
 , , , ,特地,開發,濺
 , , , ,特色,開戶,見解
 , , , ,特殊,開課,見識
 , , , ,提,開明,見證
 , , , ,提到,開設,建造
 , , , ,提高,開拓,健身
 , , , ,提供,開演,健身房
 , , , ,題材,看家,健壯
 , , , ,題目,砍,將
 , , , ,體會,看,將軍
 , , , ,體力,看得起,獎勵
 , , , ,體貼,看看,獎賞
 , , , ,體重,看來,獎狀
 , , , ,替,看樣子,講理
 , , , ,天堂,抗議,講習
 , , , ,天天,考察,講義
 , , , ,天下,考卷,講座
 , , , ,田,考慮,交錯
 , , , ,填,考取,交貨
 , , , ,甜點,靠,交集
 , , , ,條件,靠近,交情
 , , , ,挑戰,科目,交涉
 , , , ,貼,顆,交談
 , , , ,鐵,可是,焦急
 , , , ,鐵路,可喜,腳本
 , , , ,聽見,可笑,攪和
 , , , ,聽力,客房,轎車
 , , , ,聽起來,客觀,叫好
 , , , ,聽眾,客戶,教官
 , , , ,挺,課外,教化
 , , , ,通,空,教誨
 , , , ,通過,空前,教徒
 , , , ,同,空中,教學
 , , , ,同,恐怖,教員
 , , , ,同情,空,較量
 , , , ,同時,控制,皆
 , , , ,同樣,口,階層
 , , , ,同樣,口才,階級
 , , , ,痛苦,口號,街坊
 , , , ,投,口紅,接管
 , , , ,投資,口氣,接連
 , , , ,頭,口試,接納
 , , , ,頭痛,口試,接洽
 , , , ,圖,口水,接下來
 , , , ,突然,口音,揭幕
 , , , ,土,口語,揭曉
 , , , ,土地,扣,截
 , , , ,兔子,誇獎,截
 , , , ,團體,跨,潔白
 , , , ,團圓,會計,節儉
 , , , ,推,寬度,節慶
 , , , ,推薦,喇叭,竭力
 , , , ,推銷,蠟燭,結實
 , , , ,退步,辣椒,結業
 , , , ,退休,來,結緣
 , , , ,脫,來回,捷運
 , , , ,娃娃,來臨,解答
 , , , ,外邊,來往,解放
 , , , ,外公,來信,解渴
 , , , ,外婆,來源,解剖
 , , , ,外文,來自,解說
 , , , ,外語,籃子,解體
 , , , ,完成,懶,解脫
 , , , ,完全,懶得,解約
 , , , ,玩具,爛,屆
 , , , ,晚,濫用,屆時
 , , , ,萬一,狼,戒
 , , , ,網,浪,戒備
 , , , ,網路,浪費,借貸
 , , , ,往往,撈,藉口
 , , , ,忘記,牢,介入
 , , , ,維持,牢騷,金錢
 , , , ,微笑,勞動,金魚
 , , , ,為主,勞工,津貼
 , , , ,偉大,勞力,緊湊
 , , , ,為,嘮叨,緊密
 , , , ,未來,老,緊縮
 , , , ,位置,老百姓,謹慎
 , , , ,位子,老闆娘,近
 , , , ,溫柔,老板娘,近
 , , , ,文件,老大,勁
 , , , ,文學,老家,進場
 , , , ,文字,老實說,進度
 , , , ,聞,老太太,進而
 , , , ,穩定,樂意,進攻
 , , , ,問好,類似,進化
 , , , ,問候,冷靜,進軍
 , , , ,握手,冷飲,進修
 , , , ,屋子,梨,進展
 , , , ,無,梨子,晉級
 , , , ,無法,理,盡量
 , , , ,無論如何,理,禁令
 , , , ,無窮,理由,精
 , , , ,無所謂,裡頭,精光
 , , , ,誤會,禮,精華
 , , , ,物價,禮品,精明
 , , , ,西北,力氣,精髓
 , , , ,西餐,立,精緻
 , , , ,西方,立場,經典
 , , , ,西南,立即,經濟
 , , , ,吸毒,利,經書
 , , , ,吸收,利潤,驚惶
 , , , ,吸引,利息,驚奇
 , , , ,犧牲,例外,驚喜
 , , , ,希望,粒,驚險
 , , , ,喜愛,聯合,鯨魚
 , , , ,細,聯合國,井
 , , , ,細心,連,警報
 , , , ,戲,連接,警覺
 , , , ,戲劇,連忙,警惕
 , , , ,系統,連續,警衛
 , , , ,下,臉色,景觀
 , , , ,下,量,景氣
 , , , ,下,糧食,景物
 , , , ,下,倆,景象
 , , , ,下來,亮,淨
 , , , ,嚇,諒解,竟
 , , , ,嚇一跳,了,敬
 , , , ,線,列,敬佩
 , , , ,現代,裂,境地
 , , , ,現代,淋,靜脈
 , , , ,現實,臨,靜態
 , , , ,現實,臨時,競賽
 , , , ,現象,凌晨,競選
 , , , ,限制,靈活,競爭
 , , , ,相當,零件,揪
 , , , ,相對,零售,糾紛
 , , , ,相反,零下,酒店
 , , , ,相關,領帶,酒館
 , , , ,相同,領導,酒精
 , , , ,箱子,領土,就
 , , , ,香水,領先,就緒
 , , , ,詳細,領袖,救濟
 , , , ,響,另,救援
 , , , ,想到,另外,居
 , , , ,想法,另外,局部
 , , , ,想像,溜,局面
 , , , ,想像,流動,沮喪
 , , , ,項,流利,舉例
 , , , ,相聲,留念,舉止
 , , , ,小吃,嘍,舉重
 , , , ,小朋友,摟,巨人
 , , , ,小組,露,拒
 , , , ,效果,路燈,距
 , , , ,笑話,路線,據
 , , , ,孝順,陸軍,據悉
 , , , ,孝順,陸續,聚餐
 , , , ,協助,錄用,俱全
 , , , ,血,輪船,捐獻
 , , , ,謝,輪流,捐贈
 , , , ,心得,輪子,決賽
 , , , ,心理,論,決議
 , , , ,心意,論文,抉擇
 , , , ,欣賞,落,絕大多數
 , , , ,新生,落後,絕跡
 , , , ,信,落實,均
 , , , ,信箱,落伍,均衡
 , , , ,信心,旅行社,均勻
 , , , ,興奮,綠豆,軍備
 , , , ,行,略,軍閥
 , , , ,行動,麻,軍官
 , , , ,行為,麻雀,軍艦
 , , , ,形容,馬虎,開辦
 , , , ,醒,埋,開導
 , , , ,醒來,買單,開動
 , , , ,姓,買賣,開發
 , , , ,性別,饅頭,開飯
 , , , ,性格,滿,開放
 , , , ,幸好,蠻,開口
 , , , ,幸虧,漫畫,開闊
 , , , ,幸運,忙碌,開路
 , , , ,兇,盲目,開幕
 , , , ,兄弟,矛盾,開盤
 , , , ,熊貓,毛巾,開闢
 , , , ,修,冒,開啟
 , , , ,修改,煤,開頭
 , , , ,修理,梅花,開銷
 , , , ,需求,美觀,開業
 , , , ,需要,美妙,開展
 , , , ,選,魅力,開張
 , , , ,選舉,門,刊物
 , , , ,選擇,門票,刊登
 , , , ,選擇,門診,看守
 , , , ,學會,猛,康復
 , , , ,學問,夢到,慷慨
 , , , ,尋找,夢想,扛
 , , , ,訓練,夢想,抗爭
 , , , ,呀,迷,考場
 , , , ,鴨子,迷糊,考古
 , , , ,鴨,迷失,考量
 , , , ,押金,迷信,考生
 , , , ,牙,迷信,考驗
 , , , ,牙齒,密,烤肉
 , , , ,煙火,蜜蜂,靠
 , , , ,研究,秘書,刻畫
 , , , ,研究,祕書,刻劃
 , , , ,嚴重,棉,科幻
 , , , ,演,棉被,苛責
 , , , ,演出,棉花,殼
 , , , ,演講,免得,可觀
 , , , ,演員,勉強,可見
 , , , ,眼光,面,可望
 , , , ,眼淚,面對,可行
 , , , ,陽光,面臨,刻薄
 , , , ,養,面貌,刻苦
 , , , ,樣,面子,刻意
 , , , ,樣樣,麵粉,客機
 , , , ,邀請,妙,課業
 , , , ,要求,滅亡,克制
 , , , ,要求,民間,吭聲
 , , , ,咬,民謠,空
 , , , ,要,民眾,空曠
 , , , ,要不然,民主,空難
 , , , ,要不是,民主,空談
 , , , ,要緊,名,空運
 , , , ,野餐,名稱,孔
 , , , ,也好,名單,恐嚇
 , , , ,頁,名牌,恐懼
 , , , ,夜裡,名片,口
 , , , ,夜裏,明白,口頭
 , , , ,夜市,明亮,口吻
 , , , ,一下子,明明,扣除
 , , , ,衣櫃,明確,苦工
 , , , ,依靠,命,苦難
 , , , ,一塊,命令,苦惱
 , , , ,一切,命令,苦衷
 , , , ,一向,命運,庫存
 , , , ,一樣,磨,誇
 , , , ,已,模仿,誇耀
 , , , ,以,模糊,跨越
 , , , ,以後,模型,快活
 , , , ,以來,模樣,快速
 , , , ,以免,抹,寬廣
 , , , ,以內,目標,寬闊
 , , , ,以前,目的地,款
 , , , ,以上,目錄,款待
 , , , ,以外,哪怕,款式
 , , , ,以為,奶粉,狂風
 , , , ,以下,耐心,狂妄
 , , , ,一般來說,耐用,礦產
 , , , ,一點,難道,礦工
 , , , ,一方面,難得,虧
 , , , ,一連,難受,昆蟲
 , , , ,一生,難以,捆
 , , , ,一時,男性,困
 , , , ,一同,腦袋,困境
 , , , ,意見,腦筋,困擾
 , , , ,意外,鬧,困擾
 , , , ,意義,鬧區,擴建
 , , , ,陰,內部,擴散
 , , , ,因此,內地,擴張
 , , , ,音響,內行,拉票
 , , , ,引起,內科,臘月
 , , , ,應,能幹,來賓
 , , , ,應該,能源,來得
 , , , ,英俊,泥,來客
 , , , ,營養,泥土,欄
 , , , ,影片,黏,攔
 , , , ,擁有,黏,懶惰
 , , , ,用,粘,懶散
 , , , ,用法,粘,朗讀
 , , , ,用功,尿,朗誦
 , , , ,用品,尿,浪費
 , , , ,優點,捏,牢
 , , , ,優秀,寧可,勞改
 , , , ,幽默,寧願,勞累
 , , , ,郵票,鈕扣,老年
 , , , ,尤其,農場,老人家
 , , , ,遊客,農產品,老鼠
 , , , ,游泳池,農村,老天爺
 , , , ,由於,農民,老頭兒
 , , , ,有一點,農夫,老頭子
 , , , ,有的,農藥,老鄉
 , , , ,有名,濃,老子
 , , , ,有錢,濃厚,雷
 , , , ,有效,暖,雷達
 , , , ,有意思,暖和,雷同
 , , , ,友誼,暖氣,累積
 , , , ,於是,女性,類似
 , , , ,與,偶然,類型
 , , , ,與,排,冷凍
 , , , ,玉,排,冷汗
 , , , ,玉米,排斥,冷門
 , , , ,預備,排列,冷清
 , , , ,預習,排球,勒索
 , , , ,遇到,派,哩
 , , , ,圓,攀,黎明
 , , , ,員工,盤,罹難
 , , , ,原諒,判斷,里程
 , , , ,原因,泡,理財
 , , , ,願望,炮,理論
 , , , ,院子,砲,理所當然
 , , , ,約,賠,理性
 , , , ,約會,賠償,理學
 , , , ,約會,陪同,理智
 , , , ,越,佩服,禮服
 , , , ,月餅,噴,禮節
 , , , ,閱讀,盆,禮貌
 , , , ,樂團,膨脹,力求
 , , , ,運氣,捧,力行
 , , , ,在,碰見,力學
 , , , ,在意,匹,立國
 , , , ,在於,批,立即
 , , , ,早,批,立體
 , , , ,早日,批判,利率
 , , , ,早晚,皮,利弊
 , , , ,造成,披,例
 , , , ,噪音,疲倦,例
 , , , ,責任,疲勞,歷屆
 , , , ,增加,脾氣,歷來
 , , , ,炸,屁股,歷年
 , , , ,摘,篇,聯
 , , , ,站,偏,聯
 , , , ,暫時,偏偏,聯盟
 , , , ,戰爭,偏食,聯繫
 , , , ,長,偏向,聯想
 , , , ,長大,騙,連帶
 , , , ,掌握,片面,連結
 , , , ,障礙,片子,連任
 , , , ,招待,飄,連線
 , , , ,招牌,拼命,廉價
 , , , ,找錢,貧窮,廉潔
 , , , ,照,品德,臉龐
 , , , ,照,聘請,臉譜
 , , , ,哲學,憑,良機
 , , , ,這裏,平常,兩極
 , , , ,這下子,平衡,兩口子
 , , , ,這樣,平靜,遼闊
 , , , ,這樣子,平均,列
 , , , ,這樣子,婆婆,列車
 , , , ,真的,頗,列國
 , , , ,真理,破爛,列入
 , , , ,真實,破裂,獵人
 , , , ,真是,迫切,烈士
 , , , ,真心,撲,臨
 , , , ,真正,撲滅,臨
 , , , ,真正,鋪,臨床
 , , , ,珍貴,普及,鄰里
 , , , ,整,普通,鈴
 , , , ,整理,普通話,靈
 , , , ,整齊,瀑布,靈感
 , , , ,正,欺騙,靈驗
 , , , ,正常,妻子,領隊
 , , , ,正確,期,領會
 , , , ,正式,期限,領悟
 , , , ,證明,其,令
 , , , ,證書,其餘,另
 , , , ,支,棋,溜冰
 , , , ,知,齊,留
 , , , ,知識,齊全,流程
 , , , ,之後,旗袍,流傳
 , , , ,之間,旗子,流落
 , , , ,之前,歧視,流氓
 , , , ,直,起,流失
 , , , ,直到,起,流水
 , , , ,值得,起初,流通
 , , , ,殖民地,起火,流星
 , , , ,植物,企圖,流域
 , , , ,職員,企圖,柳樹
 , , , ,指,汽油,籠子
 , , , ,只是,器材,籠罩
 , , , ,只要,器官,壟斷
 , , , ,只有,氣氛,樓房
 , , , ,只有,氣憤,漏
 , , , ,制度,氣候,爐子
 , , , ,智慧,氣味,陸地
 , , , ,至少,氣息,路過
 , , , ,至於,氣象,露天
 , , , ,中,千萬,錄影
 , , , ,中部,牽,錄影機
 , , , ,中餐,遷,輪廓
 , , , ,終於,簽,倫理
 , , , ,鐘,簽訂,淪陷
 , , , ,種,簽約,論
 , , , ,重點,簽字,論點
 , , , ,重視,前方,卵
 , , , ,周圍,前進,囉嗦
 , , , ,主動,前頭,鑼
 , , , ,主婦,前途,邏輯
 , , , ,主管,前往,落得
 , , , ,主人,前院,落魄
 , , , ,主任,欠,落選
 , , , ,主題,歉意,駱駝
 , , , ,主要,槍,驢
 , , , ,主要,強,鋁
 , , , ,主意,強大,旅費
 , , , ,祝,強度,旅途
 , , , ,祝福,強烈,旅行
 , , , ,祝福,強人,旅遊
 , , , ,助,牆壁,履歷
 , , , ,助理,強迫,履行
 , , , ,著名,搶救,略
 , , , ,抓,敲,麻醉
 , , , ,專心,瞧,馬鈴薯
 , , , ,專業,巧,埋伏
 , , , ,狀態,巧妙,買賣
 , , , ,追求,悄悄,買主
 , , , ,準時,切,邁
 , , , ,著,且,邁進
 , , , ,資料,親愛,麥子
 , , , ,資源,親口,賣座
 , , , ,仔細,親戚,瞞
 , , , ,自從,親人,蠻橫
 , , , ,自動,侵害,滿懷
 , , , ,自然,侵入,漫長
 , , , ,自殺,勤勞,蔓延
 , , , ,自信,寢室,盲從
 , , , ,自由,青,盲人
 , , , ,自由,清,芒果
 , , , ,自在,清晨,茫然
 , , , ,宗教,清除,毛毯
 , , , ,總而言之,清楚,茂密
 , , , ,總算,清淡,冒險
 , , , ,總統,清晰,枚
 , , , ,總之,清醒,眉毛
 , , , ,走走,輕傷,眉頭
 , , , ,組,輕視,媒體
 , , , ,祖父,傾向,每每
 , , , ,祖母,情書,美滿
 , , , ,祖先,情緒,美容院
 , , , ,嘴,秋季,美食
 , , , ,醉,求婚,美洲
 , , , ,最初,球隊,悶
 , , , ,最多,球鞋,悶熱
 , , , ,最好,曲折,門戶
 , , , ,最後,區別,蒙
 , , , ,最佳,區別,猛
 , , , ,尊敬,區域,猛烈
 , , , ,作,取,夢見
 , , , ,作品,取得,謎
 , , , ,作者,取笑,謎語
 , , , ,座,取消,迷宮
 , , , ,做法,娶,迷惑
 , , , ,作法,去,迷戀
 , , , ,做夢,圈,彌補
 , , , ,做人,全家,密集
 , , , ,做事,全面,蜜
 , , , , ,全面,鳴
 , , , , ,全體,明白
 , , , , ,拳頭,明理
 , , , , ,權利,明日
 , , , , ,勸,明智
 , , , , ,缺,名額
 , , , , ,缺乏,名號
 , , , , ,缺少,名氣
 , , , , ,缺席,名勝
 , , , , ,確實,名聲
 , , , , ,群,名堂
 , , , , ,群眾,名下
 , , , , ,然而,冥想
 , , , , ,燃料,命名
 , , , , ,燃燒,命中
 , , , , ,染,綿延
 , , , , ,讓,勉強
 , , , , ,讓步,免稅
 , , , , ,繞,免疫
 , , , , ,惹,面孔
 , , , , ,惹,面談
 , , , , ,熱愛,描繪
 , , , , ,熱烈,描述
 , , , , ,熱門,民俗
 , , , , ,熱情,民營
 , , , , ,熱情,敏感
 , , , , ,熱心,敏捷
 , , , , ,人才,滅
 , , , , ,人格,模範
 , , , , ,人工,模具
 , , , , ,人力,模式
 , , , , ,人情味,魔術
 , , , , ,人權,末
 , , , , ,人生,末期
 , , , , ,人事,墨
 , , , , ,人體,沒落
 , , , , ,人心,沒收
 , , , , ,人行道,默默
 , , , , ,人員,默契
 , , , , ,忍不住,漠視
 , , , , ,忍受,謀生
 , , , , ,忍心,某些
 , , , , ,任,畝
 , , , , ,任性,母語
 , , , , ,日常,木材
 , , , , ,日後,木刻
 , , , , ,日用品,木料
 , , , , ,容,木偶
 , , , , ,融化,沐浴
 , , , , ,榮幸,目睹
 , , , , ,如,目光
 , , , , ,如果說,目擊
 , , , , ,如何,牧場
 , , , , ,如何,幕
 , , , , ,如今,募集
 , , , , ,如同,拿
 , , , , ,入,納悶
 , , , , ,入境,納入
 , , , , ,入口,納稅
 , , , , ,入學,乃
 , , , , ,軟,耐
 , , , , ,塞,耐力
 , , , , ,賽跑,男方
 , , , , ,三角形,南極洲
 , , , , ,散,難度
 , , , , ,散,難關
 , , , , ,喪失,難免
 , , , , ,艘,難題
 , , , , ,掃,難民
 , , , , ,色彩,囊括
 , , , , ,色情,腦海
 , , , , ,沙,腦力
 , , , , ,沙漠,內閣
 , , , , ,沙灘,內涵
 , , , , ,沙子,內銷
 , , , , ,殺價,內在
 , , , , ,傻,內戰
 , , , , ,晒太陽,內政
 , , , , ,山地,能量
 , , , , ,閃,擬
 , , , , ,閃,擬定
 , , , , ,善於,膩
 , , , , ,扇子,念頭
 , , , , ,傷,娘
 , , , , ,傷,娘家
 , , , , ,傷腦筋,凝固
 , , , , ,商標,凝結
 , , , , ,商場,凝聚
 , , , , ,商量,凝視
 , , , , ,上,扭轉
 , , , , ,上級,農具
 , , , , ,上升,農田
 , , , , ,上市,農作物
 , , , , ,上述,弄錯
 , , , , ,上台,奴隸
 , , , , ,上臺,努力
 , , , , ,上頭,怒氣
 , , , , ,上下,暖
 , , , , ,上游,挪
 , , , , ,稍,懦弱
 , , , , ,稍微,諾言
 , , , , ,少數,女方
 , , , , ,少年,虐待
 , , , , ,少女,歐洲
 , , , , ,舌頭,偶而
 , , , , ,捨不得,偶爾
 , , , , ,捨得,趴
 , , , , ,射,拍馬屁
 , , , , ,社會,拍攝
 , , , , ,社交,拍照
 , , , , ,社團,拍子
 , , , , ,設立,排除
 , , , , ,設置,排擠
 , , , , ,攝影,排名
 , , , , ,申請,派出所
 , , , , ,伸,派對
 , , , , ,伸手,派遣
 , , , , ,身材,派頭
 , , , , ,身分,判
 , , , , ,身分證,盼
 , , , , ,深刻,旁人
 , , , , ,深淺,旁聽
 , , , , ,深夜,拋
 , , , , ,神,拋棄
 , , , , ,神話,跑道
 , , , , ,神經,泡
 , , , , ,神秘,泡沫
 , , , , ,神奇,陪伴
 , , , , ,神氣,培訓
 , , , , ,神聖,培育
 , , , , ,神仙,配
 , , , , ,審查,配
 , , , , ,慎重,配給
 , , , , ,升,配音
 , , , , ,升高,噴漆
 , , , , ,升級,盆地
 , , , , ,升學,蓬勃
 , , , , ,生,捧場
 , , , , ,生存,批發
 , , , , ,生肖,批准
 , , , , ,生長,疲憊
 , , , , ,聲,匹
 , , , , ,繩,譬如
 , , , , ,繩子,偏差
 , , , , ,省,便宜
 , , , , ,省得,便宜
 , , , , ,勝,片
 , , , , ,勝利,片刻
 , , , , ,失敗,票
 , , , , ,失掉,拼
 , , , , ,失眠,貧苦
 , , , , ,失望,貧民
 , , , , ,失業,品味
 , , , , ,溼,品種
 , , , , ,詩,乒乓球
 , , , , ,詩人,桌球
 , , , , ,師父,平凡
 , , , , ,師傅,平面
 , , , , ,師母,平穩
 , , , , ,施工,平行
 , , , , ,時常,評估
 , , , , ,時機,評價
 , , , , ,時期,評論
 , , , , ,時時,潑
 , , , , ,食品,婆家
 , , , , ,實用,破案
 , , , , ,實在,破產
 , , , , ,實施,破除
 , , , , ,實現,破獲
 , , , , ,實驗,破例
 , , , , ,實驗,破碎
 , , , , ,使,迫害
 , , , , ,始終,魄力
 , , , , ,示威,樸素
 , , , , ,式樣,曝光
 , , , , ,世,暴露
 , , , , ,世紀,漆
 , , , , ,市立,淒涼
 , , , , ,市民,欺侮
 , , , , ,市區,奇觀
 , , , , ,視,奇蹟
 , , , , ,視野,奇妙
 , , , , ,適當,奇異
 , , , , ,適合,期待
 , , , , ,適用,期貨
 , , , , ,是非,期望
 , , , , ,是否,旗幟
 , , , , ,事件,乞丐
 , , , , ,事實上,啟
 , , , , ,事物,啟發
 , , , , ,事先,啟示
 , , , , ,勢力,啟事
 , , , , ,試驗,起步
 , , , , ,收據,起伏
 , , , , ,收看,起碼
 , , , , ,收入,起源
 , , , , ,收拾,氣概
 , , , , ,手電筒,氣管
 , , , , ,手段,氣派
 , , , , ,手工,氣勢
 , , , , ,手術,氣體
 , , , , ,首,氣壓
 , , , , ,首都,契機
 , , , , ,首先,棄權
 , , , , ,受,恰當
 , , , , ,受,恰好
 , , , , ,受不了,恰恰
 , , , , ,受到,洽商
 , , , , ,售,洽談
 , , , , ,壽命,鉛
 , , , , ,疏忽,牽連
 , , , , ,書房,簽署
 , , , , ,書籍,千萬
 , , , , ,輸出,謙遜
 , , , , ,輸入,前輩
 , , , , ,熟練,前程
 , , , , ,熟人,前後
 , , , , ,屬,前景
 , , , , ,屬於,前科
 , , , , ,暑期,前提
 , , , , ,束,潛藏
 , , , , ,數,潛力
 , , , , ,數量,虔誠
 , , , , ,數目,淺薄
 , , , , ,樹林,淺顯
 , , , , ,刷,腔調
 , , , , ,刷,牆角
 , , , , ,刷子,強勁
 , , , , ,刷卡,強求
 , , , , ,耍,強權
 , , , , ,摔,強壯
 , , , , ,衰退,瞧不起
 , , , , ,甩,橋樑
 , , , , ,率領,巧合
 , , , , ,雙,俏
 , , , , ,雙胞胎,翹
 , , , , ,雙方,峭壁
 , , , , ,水分,翹課
 , , , , ,水災,切磋
 , , , , ,稅,且
 , , , , ,說服,且
 , , , , ,順,切實
 , , , , ,順,竊賊
 , , , , ,順手,親
 , , , , ,順序,親熱
 , , , , ,說不定,親身
 , , , , ,碩士,親生
 , , , , ,絲,侵犯
 , , , , ,撕,侵略
 , , , , ,私立,侵蝕
 , , , , ,私人,侵襲
 , , , , ,思索,欽佩
 , , , , ,死,琴
 , , , , ,死亡,勤奮
 , , , , ,四處,青春
 , , , , ,四處,青翠
 , , , , ,四方,青蛙
 , , , , ,四季,清澈
 , , , , ,四周,清潔
 , , , , ,四週,清靜
 , , , , ,飼養,清廉
 , , , , ,鬆,清幽
 , , , , ,送行,清掃
 , , , , ,俗,傾向
 , , , , ,俗話,輕薄
 , , , , ,俗話說,輕蔑
 , , , , ,算,輕易
 , , , , ,算起來,情報
 , , , , ,算是,情操
 , , , , ,算帳,情婦
 , , , , ,隨,情節
 , , , , ,隨手,情景
 , , , , ,隨意,情侶
 , , , , ,隨著,情趣
 , , , , ,碎,慶幸
 , , , , ,歲數,丘陵
 , , , , ,孫女,求學
 , , , , ,孫子,求助
 , , , , ,損失,屈服
 , , , , ,損失,趨勢
 , , , , ,縮,渠道
 , , , , ,縮短,取材
 , , , , ,縮水,取締
 , , , , ,鎖,取樣
 , , , , ,鎖,取悅
 , , , , ,塌,趣味
 , , , , ,踏,圈
 , , , , ,抬頭,圈子
 , , , , ,太空,拳
 , , , , ,攤子,全力
 , , , , ,彈,全盤
 , , , , ,談判,權力
 , , , , ,毯子,權威
 , , , , ,探,權益
 , , , , ,探親,泉源
 , , , , ,探討,勸導
 , , , , ,趟,勸告
 , , , , ,燙,缺陷
 , , , , ,燙,確保
 , , , , ,掏,確切
 , , , , ,逃,確實
 , , , , ,逃避,群島
 , , , , ,逃走,群居
 , , , , ,陶瓷,染料
 , , , , ,淘氣,嚷
 , , , , ,桃子,饒
 , , , , ,討,熱潮
 , , , , ,套,熱帶
 , , , , ,套,熱量
 , , , , ,特別,熱水瓶
 , , , , ,特點,仁愛
 , , , , ,提,人次
 , , , , ,提起,人道
 , , , , ,提前,人禍
 , , , , ,提醒,人際
 , , , , ,提早,人情
 , , , , ,題,人群
 , , , , ,體溫,人士
 , , , , ,體驗,人手
 , , , , ,天才,人選
 , , , , ,天空,人造
 , , , , ,天然,忍痛
 , , , , ,天文,任
 , , , , ,天真,任期
 , , , , ,天主教,任意
 , , , , ,田野,認錯
 , , , , ,挑,認定
 , , , , ,挑選,日程
 , , , , ,條,日光燈
 , , , , ,條約,日益
 , , , , ,調,容
 , , , , ,調整,容量
 , , , , ,跳高,容納
 , , , , ,跳遠,容器
 , , , , ,貼心,容許
 , , , , ,停止,溶
 , , , , ,挺,溶化
 , , , , ,挺,融合
 , , , , ,通,融洽
 , , , , ,通,榮譽
 , , , , ,通常,揉
 , , , , ,通過,柔軟
 , , , , ,通信,肉麻
 , , , , ,通訊,肉體
 , , , , ,同,如此
 , , , , ,同,儒家
 , , , , ,同胞,入超
 , , , , ,同志,入口
 , , , , ,銅,入世
 , , , , ,桶,軟弱
 , , , , ,統計,軟體
 , , , , ,統一,若
 , , , , ,統治,若干
 , , , , ,痛快,撒謊
 , , , , ,偷,撒
 , , , , ,偷偷,灑
 , , , , ,頭,塞車
 , , , , ,頭腦,賽
 , , , , ,投票,散文
 , , , , ,投入,散布
 , , , , ,投降,散佈
 , , , , ,投資,喪事
 , , , , ,透,嗓子
 , , , , ,透過,喪生
 , , , , ,禿,騷動
 , , , , ,突出,嫂子
 , , , , ,突破,色澤
 , , , , ,突破,剎車
 , , , , ,途徑,煞車
 , , , , ,圖書,沙拉
 , , , , ,圖章,沙啞
 , , , , ,吐,傻瓜
 , , , , ,團,山峰
 , , , , ,團結,山谷
 , , , , ,推動,山脈
 , , , , ,推翻,閃電
 , , , , ,推廣,閃爍
 , , , , ,退,閃耀
 , , , , ,退出,擅長
 , , , , ,退回,傷害
 , , , , ,吞,傷口
 , , , , ,拖,傷亡
 , , , , ,拖鞋,商榷
 , , , , ,托兒所,商討
 , , , , ,脫離,賞
 , , , , ,妥當,尚
 , , , , ,妥善,上吊
 , , , , ,妥協,上好
 , , , , ,哇,上進
 , , , , ,挖,上空
 , , , , ,歪,上路
 , , , , ,外部,上門
 , , , , ,外出,上司
 , , , , ,外地,上下
 , , , , ,外觀,上旬
 , , , , ,外行,上演
 , , , , ,外匯,上癮
 , , , , ,外交,上漲
 , , , , ,外界,燒香
 , , , , ,外科,奢侈
 , , , , ,外頭,奢望
 , , , , ,彎,設
 , , , , ,彎腰,設施
 , , , , ,完畢,設想
 , , , , ,完善,射擊
 , , , , ,完整,射手
 , , , , ,玩笑,涉及
 , , , , ,晚輩,涉嫌
 , , , , ,往,社論
 , , , , ,望,社區
 , , , , ,威脅,攝取
 , , , , ,威脅,攝氏
 , , , , ,圍,攝影機
 , , , , ,違反,深奧
 , , , , ,維護,深沉
 , , , , ,維他命,深度
 , , , , ,危機,深厚
 , , , , ,為難,深切
 , , , , ,唯一,深入
 , , , , ,尾巴,深造
 , , , , ,委屈,身段
 , , , , ,委託,身教
 , , , , ,委員,身為
 , , , , ,未,身子
 , , , , ,未婚,伸張
 , , , , ,位於,神
 , , , , ,味,神情
 , , , , ,味精,審核
 , , , , ,為何,審判
 , , , , ,衛生,審慎
 , , , , ,衛生紙,審議
 , , , , ,衛星,甚
 , , , , ,慰問,滲入
 , , , , ,溫和,生詞
 , , , , ,文法,生火
 , , , , ,文具,生理
 , , , , ,文憑,生平
 , , , , ,文物,生氣
 , , , , ,文藝,生前
 , , , , ,蚊子,生人
 , , , , ,吻,生死
 , , , , ,吻,生態
 , , , , ,穩,生物
 , , , , ,握,生效
 , , , , ,臥房,生硬
 , , , , ,汙染,生育
 , , , , ,污染,生育
 , , , , ,無可奈何,生殖
 , , , , ,無論,升遷
 , , , , ,無情,升值
 , , , , ,無數,聲稱
 , , , , ,無限,聲明
 , , , , ,無意,聲勢
 , , , , ,武器,省
 , , , , ,武術,省事
 , , , , ,舞,盛
 , , , , ,舞蹈,盛情
 , , , , ,舞臺,盛行
 , , , , ,舞台,盛裝
 , , , , ,舞廳,勝地
 , , , , ,勿,聖賢
 , , , , ,物理,失
 , , , , ,物質,失靈
 , , , , ,誤,失落
 , , , , ,誤,失明
 , , , , ,誤點,失事
 , , , , ,誤會,失手
 , , , , ,霧,失蹤
 , , , , ,西裝,師範
 , , , , ,吸,施肥
 , , , , ,吸取,施行
 , , , , ,吸食,屍體
 , , , , ,吸菸,石膏
 , , , , ,媳婦,十足
 , , , , ,喜酒,拾
 , , , , ,喜劇,時差
 , , , , ,系列,時光
 , , , , ,細胞,時節
 , , , , ,細節,時髦
 , , , , ,細菌,時效
 , , , , ,細小,實地
 , , , , ,瞎,實踐
 , , , , ,蝦,實況
 , , , , ,蝦子,實例
 , , , , ,蝦米,實習
 , , , , ,下巴,實證
 , , , , ,下降,實質
 , , , , ,下來,屎
 , , , , ,下棋,史料
 , , , , ,下去,使喚
 , , , , ,下午茶,使節
 , , , , ,下游,使勁
 , , , , ,夏季,使命
 , , , , ,先進,士兵
 , , , , ,鮮,仕女
 , , , , ,鮮花,示範
 , , , , ,鮮奶,市面
 , , , , ,鮮血,市容
 , , , , ,閒,世代
 , , , , ,嫌,世間
 , , , , ,顯得,世事
 , , , , ,顯然,試卷
 , , , , ,顯示,試圖
 , , , , ,顯著,逝世
 , , , , ,現,勢必
 , , , , ,現場,事故
 , , , , ,現成,事變
 , , , , ,現金,事態
 , , , , ,羨慕,事務
 , , , , ,限制,事宜
 , , , , ,相,釋放
 , , , , ,相處,嗜好
 , , , , ,相當,視為
 , , , , ,相互,室友
 , , , , ,相親相愛,適宜
 , , , , ,相似,適中
 , , , , ,箱,收藏
 , , , , ,香腸,收費
 , , , , ,鄉村,收集
 , , , , ,想不到,收買
 , , , , ,想念,收縮
 , , , , ,享受,收聽
 , , , , ,享有,收益
 , , , , ,響應,手冊
 , , , , ,象,手槍
 , , , , ,相片,手勢
 , , , , ,相親,守
 , , , , ,巷,守護
 , , , , ,巷子,首府
 , , , , ,向來,首領
 , , , , ,項目,首席
 , , , , ,消,首飾
 , , , , ,消除,首先
 , , , , ,消費,首長
 , , , , ,消費,受害
 , , , , ,消化,受訓
 , , , , ,消極,售貨員
 , , , , ,消滅,授課
 , , , , ,消失,狩獵
 , , , , ,消夜,壽星
 , , , , ,宵夜,疏導
 , , , , ,銷路,疏散
 , , , , ,銷售,梳
 , , , , ,小便,書本
 , , , , ,小費,書面
 , , , , ,小麥,書寫
 , , , , ,小氣,舒暢
 , , , , ,小腿,舒展
 , , , , ,小子,輸血
 , , , , ,曉得,束縛
 , , , , ,校車,樹苗
 , , , , ,校友,數據
 , , , , ,效率,率
 , , , , ,笑容,霜
 , , , , ,歇,雙重
 , , , , ,斜,雙打
 , , , , ,血管,爽快
 , , , , ,血型,水道
 , , , , ,血液,水稻
 , , , , ,心靈,水晶
 , , , , ,心目中,水庫
 , , , , ,心聲,水力
 , , , , ,心跳,水泥
 , , , , ,心臟,水源
 , , , , ,新郎,水蒸氣
 , , , , ,新娘,睡眠
 , , , , ,新式,順從
 , , , , ,新興,順應
 , , , , ,薪水,瞬間
 , , , , ,信號,說謊
 , , , , ,信任,說笑
 , , , , ,信仰,思潮
 , , , , ,信仰,思念
 , , , , ,信用,思維
 , , , , ,星光,絲毫
 , , , , ,行程,司令
 , , , , ,行動,斯文
 , , , , ,行人,私心
 , , , , ,形成,賜
 , , , , ,形式,似的
 , , , , ,形象,似地
 , , , , ,形狀,松樹
 , , , , ,性質,慫恿
 , , , , ,雄偉,搜集
 , , , , ,休假,俗稱
 , , , , ,休閒,俗語
 , , , , ,修正,塑膠
 , , , , ,需,訴苦
 , , , , ,須知,素食
 , , , , ,許,素質
 , , , , ,許願,算命
 , , , , ,宣布,算術
 , , , , ,宣佈,雖說
 , , , , ,宣傳,隨
 , , , , ,宣傳,隨
 , , , , ,懸,隨後
 , , , , ,選手,隨即
 , , , , ,靴,隨身
 , , , , ,靴子,隨同
 , , , , ,學會,隧道
 , , , , ,學歷,歲月
 , , , , ,學術,損
 , , , , ,學位,損害
 , , , , ,學業,損壞
 , , , , ,學者,損傷
 , , , , ,雪花,縮小
 , , , , ,削減,所得
 , , , , ,尋,所在
 , , , , ,循環,索賠
 , , , , ,迅速,瑣碎
 , , , , ,壓,牠
 , , , , ,壓力,他人
 , , , , ,壓迫,塔
 , , , , ,牙膏,踏實
 , , , , ,煙,台
 , , , , ,菸,台階
 , , , , ,沿,太極拳
 , , , , ,嚴,太平
 , , , , ,嚴格,態勢
 , , , , ,嚴肅,貪
 , , , , ,鹽巴,貪心
 , , , , ,延長,攤位
 , , , , ,癌症,痰
 , , , , ,演唱,談論
 , , , , ,演奏,彈性
 , , , , ,掩蓋,坦克
 , , , , ,宴會,坦然
 , , , , ,厭惡,探病
 , , , , ,癢,探究
 , , , , ,氧氣,探索
 , , , , ,樣品,探望
 , , , , ,喲,探險
 , , , , ,腰,湯圓
 , , , , ,搖,堂堂
 , , , , ,搖擺,倘若
 , , , , ,搖頭,陶器
 , , , , ,要不,逃生
 , , , , ,要好,逃稅
 , , , , ,要命,淘汰
 , , , , ,藥方,套房
 , , , , ,藥水,套裝
 , , , , ,藥物,特此
 , , , , ,野,特區
 , , , , ,野獸,特權
 , , , , ,野心,特約
 , , , , ,夜景,特徵
 , , , , ,夜晚,疼愛
 , , , , ,業務,剔除
 , , , , ,業餘,啼
 , , , , ,葉子,提拔
 , , , , ,一一,提倡
 , , , , ,衣裳,提出
 , , , , ,依據,提及
 , , , , ,依然,提名
 , , , , ,醫,提升
 , , , , ,醫師,提議
 , , , , ,醫學,體操
 , , , , ,一帶,體格
 , , , , ,一旦,體積
 , , , , ,一大早,體諒
 , , , , ,一面,體面
 , , , , ,一再,體系
 , , , , ,一致,體質
 , , , , ,移,替代
 , , , , ,移動,添
 , , , , ,移民,天敵
 , , , , ,疑問,天然氣
 , , , , ,儀器,天性
 , , , , ,儀式,天災
 , , , , ,乙,田地
 , , , , ,已婚,田徑
 , , , , ,以,甜美
 , , , , ,以便,挑剔
 , , , , ,以及,調和
 , , , , ,以往,調和
 , , , , ,一般而言,調節
 , , , , ,一口氣,調皮
 , , , , ,一旁,條例
 , , , , ,一齊,挑戰
 , , , , ,一天到晚,聽寫
 , , , , ,易,停頓
 , , , , ,意識,停留
 , , , , ,意外,停滯
 , , , , ,意願,通
 , , , , ,意志,通報
 , , , , ,億,通車
 , , , , ,義務,通稱
 , , , , ,議會,通貨膨脹
 , , , , ,因而,通緝
 , , , , ,因素,通行
 , , , , ,銀,通用
 , , , , ,引發,同伴
 , , , , ,飲,同化
 , , , , ,飲食,同鄉
 , , , , ,印,同心
 , , , , ,印刷,同性戀
 , , , , ,印象,同業
 , , , , ,印章,統計
 , , , , ,應當,統統
 , , , , ,嬰兒,統制
 , , , , ,英雄,痛恨
 , , , , ,贏得,偷渡
 , , , , ,迎接,偷懶
 , , , , ,營養,投保
 , , , , ,營業,投機
 , , , , ,影本,投入
 , , , , ,影印,透明
 , , , , ,影子,徒弟
 , , , , ,硬,突擊
 , , , , ,應付,突兀
 , , , , ,應邀,塗
 , , , , ,應用,圖
 , , , , ,擁抱,圖表
 , , , , ,擁護,圖畫
 , , , , ,擁擠,圖騰
 , , , , ,勇氣,土壤
 , , , , ,用不著,團
 , , , , ,用處,團聚
 , , , , ,用得著,團員
 , , , , ,用具,推測
 , , , , ,用力,推崇
 , , , , ,用心,推出
 , , , , ,憂鬱,推選
 , , , , ,優惠,退化
 , , , , ,優良,吞吞吐吐
 , , , , ,優美,托
 , , , , ,優越,拖
 , , , , ,由,拖累
 , , , , ,油,拖延
 , , , , ,油膩,脫身
 , , , , ,游,脫手
 , , , , ,郵差,瓦斯
 , , , , ,郵件,外表
 , , , , ,遊戲,外號
 , , , , ,遊戲,外力
 , , , , ,遊行,外貿
 , , , , ,猶豫,外線
 , , , , ,友好,外銷
 , , , , ,有關,外遇
 , , , , ,有關,外在
 , , , , ,有力,外資
 , , , , ,有利,外祖父
 , , , , ,有些,外祖母
 , , , , ,有些,彎曲
 , , , , ,娛樂,完備
 , , , , ,語調,完美
 , , , , ,語氣,玩弄
 , , , , ,語音,頑強
 , , , , ,與其,挽
 , , , , ,遇,挽救
 , , , , ,遇見,萬分
 , , , , ,預報,萬事
 , , , , ,預定,萬歲
 , , , , ,預訂,萬萬
 , , , , ,預計,萬物
 , , , , ,預算,惋惜
 , , , , ,預先,亡國
 , , , , ,冤枉,往來
 , , , , ,冤枉,旺季
 , , , , ,元旦,旺盛
 , , , , ,原來,威風
 , , , , ,原理,威力
 , , , , ,原料,萎縮
 , , , , ,原始,為
 , , , , ,原先,為人
 , , , , ,原則,為生
 , , , , ,原則上,為首
 , , , , ,原子筆,為止
 , , , , ,圓滿,違背
 , , , , ,圓形,違約
 , , , , ,緣故,危害
 , , , , ,遠大,圍巾
 , , , , ,願,圍牆
 , , , , ,月分,圍繞
 , , , , ,月光,微弱
 , , , , ,月球,微小
 , , , , ,暈,維生素
 , , , , ,允許,胃
 , , , , ,運輸,胃口
 , , , , ,運送,未必
 , , , , ,運用,未婚夫
 , , , , ,運轉,未婚妻
 , , , , ,砸,未免
 , , , , ,雜,衛生
 , , , , ,災害,溫
 , , , , ,災難,溫帶
 , , , , ,在乎,溫泉
 , , , , ,再度,溫習
 , , , , ,再說,溫馴
 , , , , ,載,瘟疫
 , , , , ,咱們,文明
 , , , , ,贊成,文壇
 , , , , ,贊同,文獻
 , , , , ,讚美,聞名
 , , , , ,葬禮,穩健
 , , , , ,糟,紊亂
 , , , , ,糟糕,問世
 , , , , ,遭到,臥
 , , , , ,遭受,烏龜
 , , , , ,遭遇,烏龍茶
 , , , , ,早晨,烏鴉
 , , , , ,早點,汙染
 , , , , ,早點,無比
 , , , , ,早晚,無線電
 , , , , ,早已,無形
 , , , , ,造,無疑
 , , , , ,造句,五金
 , , , , ,則,武力
 , , , , ,則,武士
 , , , , ,怎,武裝
 , , , , ,增長,侮辱
 , , , , ,贈品,物產
 , , , , ,贈送,物品
 , , , , ,窄,物體
 , , , , ,展出,物資
 , , , , ,展開,誤差
 , , , , ,展覽,誤解
 , , , , ,展覽,務實
 , , , , ,展示,西服
 , , , , ,占,西洋
 , , , , ,占,西醫
 , , , , ,佔,溪流
 , , , , ,佔,席
 , , , , ,占有,席位
 , , , , ,佔有,錫
 , , , , ,站住,襲擊
 , , , , ,戰場,昔日
 , , , , ,張,習題
 , , , , ,章,洗禮
 , , , , ,長,喜氣
 , , , , ,長輩,喜悅
 , , , , ,漲,系
 , , , , ,漲價,戲曲
 , , , , ,掌聲,瑕疵
 , , , , ,帳單,峽谷
 , , , , ,丈夫,狹小
 , , , , ,招呼,狹窄
 , , , , ,招手,下筆
 , , , , ,照,下跌
 , , , , ,照常,下滑
 , , , , ,召開,下列
 , , , , ,折,下水
 , , , , ,折合,下水道
 , , , , ,折扣,下旬
 , , , , ,折磨,掀
 , , , , ,者,仙丹
 , , , , ,針,先後
 , , , , ,針對,先進
 , , , , ,偵探,先驅
 , , , , ,珍惜,先天
 , , , , ,珍珠,鮮明
 , , , , ,真心,鮮艶
 , , , , ,枕頭,鮮豔
 , , , , ,陣,纖維
 , , , , ,陣子,嫌疑
 , , , , ,震動,顯現
 , , , , ,爭,限
 , , , , ,爭論,限度
 , , , , ,爭取,憲法
 , , , , ,睜,線路
 , , , , ,徵求,陷入
 , , , , ,正月,獻身
 , , , , ,整,現今
 , , , , ,整,現行
 , , , , ,整潔,現狀
 , , , , ,整數,相傳
 , , , , ,正,相仿
 , , , , ,正方形,相符
 , , , , ,正規,相繼
 , , , , ,正好,相配
 , , , , ,正好,鄉土
 , , , , ,正經,香皂
 , , , , ,正面,鑲
 , , , , ,政策,想開
 , , , , ,政黨,響亮
 , , , , ,政府,向
 , , , , ,證件,項
 , , , , ,證據,嚮導
 , , , , ,證明,嚮往
 , , , , ,證實,象徵
 , , , , ,症狀,象徵
 , , , , ,之,消毒
 , , , , ,之,消防
 , , , , ,之間,消耗
 , , , , ,之類,消遣
 , , , , ,支,消遣
 , , , , ,支持,瀟灑
 , , , , ,支出,逍遙
 , , , , ,支票,小販
 , , , , ,支援,小夥子
 , , , , ,直,小伙子
 , , , , ,直接,效法
 , , , , ,直線,效勞
 , , , , ,值,效力
 , , , , ,擲,效忠
 , , , , ,職位,笑嘻嘻
 , , , , ,執行,孝子
 , , , , ,止,協辦
 , , , , ,只,協定
 , , , , ,只是,協會
 , , , , ,指,協商
 , , , , ,指出,協調
 , , , , ,指導,協調
 , , , , ,指定,協議
 , , , , ,指示,協議
 , , , , ,指示,血汗
 , , , , ,指責,血跡
 , , , , ,紙張,血壓
 , , , , ,治,寫實
 , , , , ,至,寫作
 , , , , ,制定,洩氣
 , , , , ,制止,心愛
 , , , , ,志氣,心軟
 , , , , ,志願,心事
 , , , , ,秩序,心思
 , , , , ,製造,心酸
 , , , , ,製作,心態
 , , , , ,中,心疼
 , , , , ,中級,心胸
 , , , , ,中年,辛勤
 , , , , ,中途,辛酸
 , , , , ,中央,新潮
 , , , , ,中藥,新手
 , , , , ,腫,新穎
 , , , , ,種類,信賴
 , , , , ,種子,信念
 , , , , ,種族,信徒
 , , , , ,中,信息
 , , , , ,中毒,星辰
 , , , , ,重,星座
 , , , , ,重大,興建
 , , , , ,重量,興隆
 , , , , ,重傷,興起
 , , , , ,重傷,行善
 , , , , ,重心,行使
 , , , , ,州,行星
 , , , , ,周,行政
 , , , , ,週,刑事
 , , , , ,周到,形勢
 , , , , ,粥,形態
 , , , , ,竹,形體
 , , , , ,竹子,形形色色
 , , , , ,逐漸,型態
 , , , , ,主辦,性
 , , , , ,主持,性能
 , , , , ,主觀,性情
 , , , , ,主角,興致
 , , , , ,主席,胸
 , , , , ,主張,胸口
 , , , , ,主張,修補
 , , , , ,祝賀,修訂
 , , , , ,住院,修建
 , , , , ,住宅,修女
 , , , , ,住址,修養
 , , , , ,注射,修築
 , , , , ,註冊,繡
 , , , , ,專家,須
 , , , , ,專利,虛擬
 , , , , ,專門,虛心
 , , , , ,專人,許
 , , , , ,專業,許多
 , , , , ,轉,許久
 , , , , ,轉變,許可
 , , , , ,轉播,酗酒
 , , , , ,轉達,序幕
 , , , , ,轉告,敘述
 , , , , ,轉機,宣稱
 , , , , ,轉身,宣告
 , , , , ,轉向,宣示
 , , , , ,轉,宣誓
 , , , , ,賺,宣言
 , , , , ,裝飾,宣揚
 , , , , ,壯,旋律
 , , , , ,撞,旋轉
 , , , , ,狀況,懸殊
 , , , , ,追,懸崖
 , , , , ,准,選拔
 , , , , ,准考證,選購
 , , , , ,准考証,選民
 , , , , ,準,選票
 , , , , ,準確,選修
 , , , , ,捉,學分
 , , , , ,桌,學科
 , , , , ,資本,學年
 , , , , ,資格,學識
 , , , , ,資金,學說
 , , , , ,資訊,學徒
 , , , , ,紫,學員
 , , , , ,子女,學制
 , , , , ,字幕,雪人
 , , , , ,字母,削弱
 , , , , ,自來水,循環
 , , , , ,自然,巡邏
 , , , , ,自私,巡視
 , , , , ,自我,詢問
 , , , , ,自信,訓
 , , , , ,自願,押
 , , , , ,自主,鴉片
 , , , , ,總,壓歲錢
 , , , , ,總共,壓縮
 , , , , ,總理,壓制
 , , , , ,綜合,牙科
 , , , , ,綜合,芽
 , , , , ,走道,啞
 , , , , ,走私,亞軍
 , , , , ,足,亞洲
 , , , , ,足以,淹
 , , , , ,組,研究所
 , , , , ,組織,言論
 , , , , ,阻礙,岩石
 , , , , ,阻止,延遲
 , , , , ,祖國,延伸
 , , , , ,鑽,延誤
 , , , , ,鑽石,延續
 , , , , ,罪,沿海
 , , , , ,最少,沿途
 , , , , ,遵守,沿襲
 , , , , ,尊重,沿用
 , , , , ,左右,嚴禁
 , , , , ,左右,嚴厲
 , , , , ,作,嚴密
 , , , , ,作家,演變
 , , , , ,作為,演講
 , , , , ,作文,演說
 , , , , ,作文,演習
 , , , , ,作用,眼界
 , , , , ,做,眼看
 , , , , ,做客,衍生
 , , , , , ,燕窩
 , , , , , ,燕子
 , , , , , ,央求
 , , , , , ,仰
 , , , , , ,仰慕
 , , , , , ,養分
 , , , , , ,養老
 , , , , , ,養育
 , , , , , ,邀
 , , , , , ,窯
 , , , , , ,搖晃
 , , , , , ,謠言
 , , , , , ,遙遠
 , , , , , ,要點
 , , , , , ,要犯
 , , , , , ,藥品
 , , , , , ,葉
 , , , , , ,業績
 , , , , , ,依
 , , , , , ,依舊
 , , , , , ,依據
 , , , , , ,依賴
 , , , , , ,依照
 , , , , , ,醫療
 , , , , , ,醫術
 , , , , , ,醫藥
 , , , , , ,一定
 , , , , , ,一道
 , , , , , ,一度
 , , , , , ,一概
 , , , , , ,一貫
 , , , , , ,一律
 , , , , , ,一味
 , , , , , ,咦
 , , , , , ,儀表
 , , , , , ,遺產
 , , , , , ,遺傳
 , , , , , ,遺憾
 , , , , , ,遺留
 , , , , , ,遺棄
 , , , , , ,遺體
 , , , , , ,遺忘
 , , , , , ,遺志
 , , , , , ,遺址
 , , , , , ,疑慮
 , , , , , ,移植
 , , , , , ,倚
 , , , , , ,以至
 , , , , , ,致於
 , , , , , ,亦
 , , , , , ,亦
 , , , , , ,一連串
 , , , , , ,一流
 , , , , , ,一如
 , , , , , ,一心
 , , , , , ,液體
 , , , , , ,抑制
 , , , , , ,意識到
 , , , , , ,意圖
 , , , , , ,意味
 , , , , , ,毅力
 , , , , , ,翌日
 , , , , , ,異常
 , , , , , ,異鄉
 , , , , , ,議定
 , , , , , ,議論
 , , , , , ,議題
 , , , , , ,議員
 , , , , , ,音
 , , , , , ,因果
 , , , , , ,陰謀
 , , , , , ,陰影
 , , , , , ,銀幕
 , , , , , ,銀色
 , , , , , ,銀子
 , , , , , ,引
 , , , , , ,引導
 , , , , , ,引進
 , , , , , ,引擎
 , , , , , ,隱藏
 , , , , , ,隱士
 , , , , , ,隱約
 , , , , , ,印證
 , , , , , ,櫻桃
 , , , , , ,英勇
 , , , , , ,英語
 , , , , , ,應
 , , , , , ,應
 , , , , , ,鷹
 , , , , , ,營地
 , , , , , ,營造
 , , , , , ,迎
 , , , , , ,迎合
 , , , , , ,影射
 , , , , , ,硬
 , , , , , ,硬體
 , , , , , ,應變
 , , , , , ,應酬
 , , , , , ,應急
 , , , , , ,應驗
 , , , , , ,應徵
 , , , , , ,唷
 , , , , , ,湧
 , , , , , ,踴躍
 , , , , , ,用戶
 , , , , , ,用途
 , , , , , ,用心
 , , , , , ,悠久
 , , , , , ,悠閒
 , , , , , ,優待
 , , , , , ,優勢
 , , , , , ,優先
 , , , , , ,優異
 , , , , , ,鈾
 , , , , , ,由來
 , , , , , ,遊覽
 , , , , , ,油田
 , , , , , ,油條
 , , , , , ,友愛
 , , , , , ,有機
 , , , , , ,有理
 , , , , , ,有所
 , , , , , ,有為
 , , , , , ,有限
 , , , , , ,有形
 , , , , , ,有心人
 , , , , , ,有益
 , , , , , ,有意
 , , , , , ,有緣
 , , , , , ,誘惑
 , , , , , ,幼稚
 , , , , , ,于
 , , , , , ,於
 , , , , , ,逾
 , , , , , ,餘
 , , , , , ,餘
 , , , , , ,愚蠢
 , , , , , ,輿論
 , , , , , ,漁民
 , , , , , ,予
 , , , , , ,予以
 , , , , , ,與會
 , , , , , ,雨季
 , , , , , ,語文
 , , , , , ,宇宙
 , , , , , ,愈
 , , , , , ,玉器
 , , , , , ,預測
 , , , , , ,預防
 , , , , , ,預告
 , , , , , ,預估
 , , , , , ,預賽
 , , , , , ,預約
 , , , , , ,寓言
 , , , , , ,園林
 , , , , , ,元氣
 , , , , , ,元首
 , , , , , ,元素
 , , , , , ,原
 , , , , , ,原本
 , , , , , ,原形
 , , , , , ,原野
 , , , , , ,原狀
 , , , , , ,原住民
 , , , , , ,原子
 , , , , , ,原子彈
 , , , , , ,援助
 , , , , , ,遠景
 , , , , , ,怨
 , , , , , ,約束
 , , , , , ,躍
 , , , , , ,樂隊
 , , , , , ,月台
 , , , , , ,運
 , , , , , ,運行
 , , , , , ,孕婦
 , , , , , ,醞釀
 , , , , , ,栽
 , , , , , ,災禍
 , , , , , ,災情
 , , , , , ,在場
 , , , , , ,在世
 , , , , , ,在座
 , , , , , ,再三
 , , , , , ,再生
 , , , , , ,咱
 , , , , , ,贊助
 , , , , , ,讚歎
 , , , , , ,讚嘆
 , , , , , ,贓物
 , , , , , ,遭
 , , , , , ,遭
 , , , , , ,遭
 , , , , , ,遭遇
 , , , , , ,造反
 , , , , , ,造化
 , , , , , ,造物主
 , , , , , ,造型
 , , , , , ,責備
 , , , , , ,增進
 , , , , , ,增強
 , , , , , ,增值
 , , , , , ,贈
 , , , , , ,扎
 , , , , , ,炸藥
 , , , , , ,沾
 , , , , , ,盞
 , , , , , ,展望
 , , , , , ,展現
 , , , , , ,嶄新
 , , , , , ,占據
 , , , , , ,佔據
 , , , , , ,占領
 , , , , , ,佔領
 , , , , , ,顫抖
 , , , , , ,戰火
 , , , , , ,戰機
 , , , , , ,戰亂
 , , , , , ,戰略
 , , , , , ,戰勝
 , , , , , ,戰士
 , , , , , ,戰術
 , , , , , ,戰線
 , , , , , ,戰友
 , , , , , ,戰戰兢兢
 , , , , , ,張開
 , , , , , ,張貼
 , , , , , ,長子
 , , , , , ,帳篷
 , , , , , ,丈
 , , , , , ,朝氣
 , , , , , ,著想
 , , , , , ,找尋
 , , , , , ,沼澤
 , , , , , ,召集
 , , , , , ,照例
 , , , , , ,照耀
 , , , , , ,遮
 , , , , , ,遮蔽
 , , , , , ,折騰
 , , , , , ,針灸
 , , , , , ,真情
 , , , , , ,診斷
 , , , , , ,診所
 , , , , , ,鎮定
 , , , , , ,鎮壓
 , , , , , ,振動
 , , , , , ,震驚
 , , , , , ,陣營
 , , , , , ,蒸
 , , , , , ,蒸發
 , , , , , ,蒸氣
 , , , , , ,爭辯
 , , , , , ,爭奪
 , , , , , ,爭論
 , , , , , ,爭氣
 , , , , , ,爭議
 , , , , , ,徵收
 , , , , , ,掙扎
 , , , , , ,整
 , , , , , ,整頓
 , , , , , ,整體
 , , , , , ,整整
 , , , , , ,正當
 , , , , , ,正面
 , , , , , ,正統
 , , , , , ,正義
 , , , , , ,政績
 , , , , , ,政見
 , , , , , ,政權
 , , , , , ,證券
 , , , , , ,證人
 , , , , , ,掙
 , , , , , ,之內
 , , , , , ,之所以
 , , , , , ,支撐
 , , , , , ,支付
 , , , , , ,支配
 , , , , , ,支應
 , , , , , ,知足
 , , , , , ,脂肪
 , , , , , ,織
 , , , , , ,直徑
 , , , , , ,值班
 , , , , , ,值錢
 , , , , , ,殖民
 , , , , , ,質量
 , , , , , ,質疑
 , , , , , ,職務
 , , , , , ,職責
 , , , , , ,執照
 , , , , , ,執政
 , , , , , ,執著
 , , , , , ,止
 , , , , , ,只得
 , , , , , ,指標
 , , , , , ,指點
 , , , , , ,指揮
 , , , , , ,指揮
 , , , , , ,指控
 , , , , , ,指南針
 , , , , , ,指數
 , , , , , ,指頭
 , , , , , ,指望
 , , , , , ,指紋
 , , , , , ,指引
 , , , , , ,指正
 , , , , , ,至
 , , , , , ,至
 , , , , , ,至今
 , , , , , ,治安
 , , , , , ,治本
 , , , , , ,治標
 , , , , , ,治理
 , , , , , ,治療
 , , , , , ,志趣
 , , , , , ,志向
 , , , , , ,致詞
 , , , , , ,致富
 , , , , , ,致力
 , , , , , ,致命
 , , , , , ,致意
 , , , , , ,智力
 , , , , , ,制裁
 , , , , , ,制訂
 , , , , , ,製品
 , , , , , ,滯留
 , , , , , ,中斷
 , , , , , ,中和
 , , , , , ,中立
 , , , , , ,中旬
 , , , , , ,中葉
 , , , , , ,中醫
 , , , , , ,中庸
 , , , , , ,忠實
 , , , , , ,衷心
 , , , , , ,終場
 , , , , , ,終結
 , , , , , ,終究
 , , , , , ,終身
 , , , , , ,種種
 , , , , , ,種植
 , , , , , ,中風
 , , , , , ,中獎
 , , , , , ,中肯
 , , , , , ,中暑
 , , , , , ,重用
 , , , , , ,重鎮
 , , , , , ,周邊
 , , , , , ,周密
 , , , , , ,周詳
 , , , , , ,周遊
 , , , , , ,周轉
 , , , , , ,皺
 , , , , , ,皺紋
 , , , , , ,株
 , , , , , ,諸多
 , , , , , ,逐
 , , , , , ,逐
 , , , , , ,逐步
 , , , , , ,主導
 , , , , , ,主管
 , , , , , ,主見
 , , , , , ,主力
 , , , , , ,主流
 , , , , , ,主權
 , , , , , ,主人翁
 , , , , , ,主義
 , , , , , ,主宰
 , , , , , ,主旨
 , , , , , ,主軸
 , , , , , ,囑咐
 , , , , , ,矚目
 , , , , , ,注定
 , , , , , ,注目
 , , , , , ,注視
 , , , , , ,注重
 , , , , , ,住戶
 , , , , , ,住宿
 , , , , , ,柱子
 , , , , , ,助教
 , , , , , ,助手
 , , , , , ,佇立
 , , , , , ,著作
 , , , , , ,駐
 , , , , , ,抓緊
 , , , , , ,專櫃
 , , , , , ,專員
 , , , , , ,專制
 , , , , , ,磚
 , , , , , ,轉動
 , , , , , ,轉化
 , , , , , ,轉機
 , , , , , ,轉手
 , , , , , ,轉向
 , , , , , ,轉眼
 , , , , , ,轉移
 , , , , , ,轉帳
 , , , , , ,撰寫
 , , , , , ,莊嚴
 , , , , , ,裝備
 , , , , , ,裝潢
 , , , , , ,裝配
 , , , , , ,裝運
 , , , , , ,裝置
 , , , , , ,壯觀
 , , , , , ,壯麗
 , , , , , ,狀元
 , , , , , ,追捕
 , , , , , ,追查
 , , , , , ,追究
 , , , , , ,準
 , , , , , ,準備
 , , , , , ,準則
 , , , , , ,准許
 , , , , , ,卓越
 , , , , , ,著手
 , , , , , ,著眼
 , , , , , ,著重
 , , , , , ,酌量
 , , , , , ,資深
 , , , , , ,資助
 , , , , , ,姿勢
 , , , , , ,姿態
 , , , , , ,滋味
 , , , , , ,子彈
 , , , , , ,子弟
 , , , , , ,子孫
 , , , , , ,紫外線
 , , , , , ,自
 , , , , , ,自稱
 , , , , , ,自費
 , , , , , ,自豪
 , , , , , ,自覺
 , , , , , ,自立
 , , , , , ,自滿
 , , , , , ,自然
 , , , , , ,自身
 , , , , , ,自行
 , , , , , ,自制
 , , , , , ,自治
 , , , , , ,自傳
 , , , , , ,字體
 , , , , , ,字眼
 , , , , , ,字樣
 , , , , , ,宗旨
 , , , , , ,總裁
 , , , , , ,總得
 , , , , , ,總額
 , , , , , ,總和
 , , , , , ,總結
 , , , , , ,總經理
 , , , , , ,總數
 , , , , , ,縱火
 , , , , , ,縱容
 , , , , , ,縱使
 , , , , , ,走廊
 , , , , , ,揍
 , , , , , ,租賃
 , , , , , ,足
 , , , , , ,足夠
 , , , , , ,祖宗
 , , , , , ,阻擋
 , , , , , ,阻力
 , , , , , ,阻撓
 , , , , , ,阻塞
 , , , , , ,組織
 , , , , , ,組裝
 , , , , , ,鑽研
 , , , , , ,嘴脣
 , , , , , ,罪惡
 , , , , , ,罪名
 , , , , , ,罪行
 , , , , , ,尊
 , , , , , ,尊
 , , , , , ,尊嚴
 , , , , , ,遵循
 , , , , , ,作風
 , , , , , ,作怪
 , , , , , ,作為
 , , , , , ,作物
 , , , , , ,作戰
 , , , , , ,作證
 , , , , , ,坐牢
 , , , , , ,坐鎮
 , , , , , ,座談
 , , , , , ,座右銘
